ChEMBLID,Smiles,pChEMBL_Value,activity,Similarity
CHEMBL379761,CC(C)c1c(NC(=O)Nc2ccc(Cl)cc2)c(=O)n(-c2ccccc2)n1C,7.389978975,active,100.0
CHEMBL379853,CC(C)c1c(NC(=O)Nc2ccc(Cl)cc2)c(=O)n(-c2cncnc2)n1C,6.602059991,partial_active,75.0
CHEMBL377169,CC(C)c1c(NC(=O)Nc2ccccc2Cl)c(=O)n(-c2ccccc2)n1C,5.0,partial_active,74.00000095
CHEMBL210298,Cc1c(NC(=O)Nc2ccc(Cl)cc2)c(=O)n(-c2ccccc2)n1C,6.30980392,partial_active,73.46938848
CHEMBL210303,CC(C)c1c(NC(=O)Nc2ccc(Cl)cc2)c(=O)n(-c2cnc3ccccc3c2)n1C,7.096910013,partial_active,70.68965435
CHEMBL209995,CCc1c(NC(=O)Nc2ccc(Cl)cc2)c(=O)n(-c2ccccc2)n1C,6.853871964,partial_active,69.23077106
CHEMBL377226,Cn1c(C(C)(C)C)c(NC(=O)Nc2ccc(Cl)cc2)c(=O)n1-c1ccccc1,7.638272164,active,69.23077106
CHEMBL211957,Cc1ccc(NC(=O)Nc2c(C(C)C)n(C)n(-c3ccccc3)c2=O)cc1F,7.091514981,partial_active,69.09090877
CHEMBL380160,Cc1c(NC(=O)Nc2ccc(C(C)C)cc2)c(=O)n(-c2ccccc2)n1C,4.910094889,inactive,67.30769277
CHEMBL377130,CC(C)c1c(NC(=O)Nc2ccc(Cl)cc2)c(=O)n(C2=NCCS2)n1C,6.26760624,partial_active,63.79310489
CHEMBL386527,Cc1c(NC(=O)Nc2ccccc2)c(=O)n(-c2ccccc2)n1C,5.0,partial_active,60.00000238
CHEMBL450023,Cc1ccc(NC(=O)Nc2c(C)n(C)n(-c3ccccc3)c2=O)cc1,5.899629455,partial_active,59.61538553
CHEMBL211220,CSc1ccc(NC(=O)Nc2c(C(C)C)n(C)n(-c3cncnc3)c2=O)cc1,7.366531544,active,57.62711763
CHEMBL377969,Cc1c(NC(=O)Nc2ccc(Br)cc2)c(=O)n(-c2ccccc2)n1C,7.045757491,partial_active,57.40740895
CHEMBL378707,Cc1c(NC(=O)Nc2ccc(F)cc2)c(=O)n(-c2ccccc2)n1C,5.314258261,partial_active,57.40740895
CHEMBL208884,Cc1c(NC(=O)Nc2ccc(I)cc2)c(=O)n(-c2ccccc2)n1C,7.522878745,active,57.40740895
CHEMBL209521,Cc1c(NC(=O)Nc2cccc(Cl)c2)c(=O)n(-c2ccccc2)n1C,5.0,partial_active,57.1428597
CHEMBL211555,CC(C)c1c(NC(=O)Nc2ccc(C(F)(F)F)cc2)c(=O)n(-c2cncnc2)n1C,6.823908741,partial_active,56.66666627
CHEMBL379762,CSc1ccc(NC(=O)Nc2c(C(C)C)n(C)n(-c3cnc4ccccc4c3)c2=O)cc1,7.522878745,active,55.38461804
CHEMBL214216,CSc1ccc(NC(=O)Nc2c(C)n(C)n(-c3ccccc3)c2=O)cc1,6.769551079,partial_active,55.3571403
CHEMBL377642,COc1ccc(NC(=O)Nc2c(C)n(C)n(-c3ccccc3)c2=O)cc1,5.563837353,partial_active,55.3571403
CHEMBL378679,CCc1ccc(NC(=O)Nc2c(C)n(C)n(-c3ccccc3)c2=O)cc1,6.113509275,partial_active,55.3571403
CHEMBL380389,CC(C)c1c(NC(=O)Nc2ccc(C(F)(F)F)cc2)c(=O)n(-c2cnc3ccccc3c2)n1C,7.356547324,active,54.54545617
CHEMBL212116,Cc1c(NC(=O)Nc2ccc(C#N)cc2)c(=O)n(-c2ccccc2)n1C,5.431798276,partial_active,54.38596606
CHEMBL211885,Cc1c(NC(=O)Nc2ccc(C(F)(F)F)cc2)c(=O)n(-c2ccccc2)n1C,7.0,partial_active,54.38596606
CHEMBL210526,Cc1cc(NC(=O)Nc2c(C)n(C)n(-c3ccccc3)c2=O)ccc1F,5.0,partial_active,53.44827771
CHEMBL378062,Cc1c(NC(=O)Nc2ccccc2Cl)c(=O)n(-c2ccccc2)n1C,5.0,partial_active,52.72727013
CHEMBL378064,CCn1c(C(C)C)c(NC(=O)Nc2ccc(C)c(F)c2)c(=O)n1-c1ccccc1,7.0,partial_active,52.38095522
CHEMBL212109,Cc1ccc(NC(=O)Nc2c(C)n(C)n(-c3ccccc3)c2=O)cc1F,6.008773924,partial_active,50.84745884
CHEMBL377163,CSc1ccc(NC(=O)Nc2c(C(C)C)n(C)n(C3=NCCS3)c2=O)cc1,5.289882635,partial_active,49.23076928
CHEMBL210475,CC(C)c1c(NC(=O)Nc2ccc(C(F)(F)F)cc2)c(=O)n(C2=NCCS2)n1C,5.832682665,partial_active,48.48484993
CHEMBL209102,Cc1c(NC(=O)Nc2ccc3c(c2)OCO3)c(=O)n(-c2ccccc2)n1C,5.230622674,partial_active,48.38709533
CHEMBL212113,CCc1c(NC(=O)Nc2ccc(C)c(F)c2)c(=O)n(-c2ccccc2)n1C,6.508638306,partial_active,47.61904776
CHEMBL211595,Cc1ccc(NC(=O)Nc2c(C(C)(C)C)n(C)n(-c3ccccc3)c2=O)cc1F,7.080921908,partial_active,47.61904776
CHEMBL208979,Cc1c(NC(=O)Nc2nccs2)c(=O)n(-c2ccccc2)n1C,5.0,partial_active,43.54838729
CHEMBL552527,CSCC[C@H](NC(=O)[C@H](Cc1ccc(O)cc1)NC(=O)[C@H](CCCCN)NC(=O)[C@@H](N)Cc1c[nH]c2ccccc12)C(=O)N[C@H](C(=O)N[C@H](CCSC)C(N)=O)C(C)C,9.0,active,
CHEMBL3728104,NC(=O)CCNC(=O)[C@H]1[C@H](C(=O)NCc2cnc(Br)s2)[C@@H]2C=C[C@H]1C21CC1,6.053547735,partial_active,
CHEMBL3727646,CCN(CC)CCCCNC(=O)[C@H]1[C@H](C(=O)Nc2ncc(Br)s2)[C@@H]2C=C[C@H]1C21CC1,7.26760624,partial_active,
CHEMBL3728109,O=C(NCCF)[C@H]1[C@H](C(=O)Nc2ncc(Br)s2)[C@@H]2C=C[C@H]1C21CC1,6.450996738,partial_active,
CHEMBL3590075,COc1ccc(NC(=O)N[C@@H](Cc2c[nH]c3ccccc23)C(=O)NCC2(c3ccc(F)cc3)CCCCC2)cc1,6.065501549,partial_active,
CHEMBL3730542,COc1ccc(CNC(=O)[C@H]2[C@H](C(=O)NCCCCN3CCCC3)[C@H]3C=C[C@@H]2C32CC2)c(OC)c1.O=CO,4.987162775,inactive,
CHEMBL3728133,COc1ccc(CNC(=O)[C@H]2[C@H](C(=O)NCCCCN3CCCC3)[C@H]3C=C[C@@H]2C32CC2)cc1Cl.O=CO,5.581698709,partial_active,
CHEMBL3590071,COc1ccc(NC(=O)N[C@@H](Cc2c[nH]c3ccccc23)C(=O)NCC2(c3cccnc3)CCCCC2)cc1,6.568636236,partial_active,
CHEMBL3590206,CCOC(=O)C1CCCN(C(=O)[C@H](Cc2ccccc2)NC(=O)Nc2ccc(Br)cc2)C1,8.15490196,active,
CHEMBL3588926,O=C(Nc1ccc(Br)cc1)N[C@@H](Cc1ccccc1)C(=O)N1CCCCC1,7.397940009,active,
CHEMBL3729765,Cc1ccc(NC(=O)[C@H]2[C@H](C(=O)NCCC(N)=O)[C@H]3C=C[C@@H]2C32CC2)nc1,6.48148606,partial_active,
CHEMBL3727408,O=C(NCCCCN1CCCC1)[C@H]1[C@H](C(=O)Nc2ccc(Cl)nc2)[C@@H]2C=C[C@H]1C21CC1,8.795880017,active,
CHEMBL3729722,O=C(NCCCCN1CCCC1)[C@H]1[C@H](C(=O)NCc2ccc(Br)cc2)[C@@H]2C=C[C@H]1C21CC1,7.494850022,active,
CHEMBL3733330,NC(=O)CCNC(=O)[C@H]1[C@H](C(=O)NCc2ccc(Br)cn2)[C@@H]2C=C[C@H]1C21CC1,6.588380294,partial_active,
CHEMBL2391259,COc1cccc(Cc2cc(-c3ccccc3)nn(CC(=O)Nc3ccc4c(c3)OCO4)c2=O)c1,4.301029996,inactive,
CHEMBL3977012,CC(C)(O)c1coc(Cn2ncc(NC(=O)c3ncsc3-c3cccc(F)c3)n2)n1,7.084600165,partial_active,
CHEMBL3981821,Cc1nc(C(=O)Nc2cnn(Cc3nc(C(C)(C)O)co3)n2)c(-c2cccc(F)c2)o1,7.879426069,active,
CHEMBL3728190,Cc1ccc(CNC(=O)[C@H]2[C@H](C(=O)NCCCCN3CCCC3)[C@H]3C=C[C@@H]2C32CC2)cc1,7.337242168,active,
CHEMBL3728012,CCN1CCCC1CNC(=O)[C@H]1[C@H](C(=O)Nc2ccc(Br)cc2)[C@@H]2C=C[C@H]1C21CC1,7.795880017,active,
CHEMBL3731396,COCCNC(=O)[C@H]1[C@H](C(=O)Nc2ccc(Br)cc2)[C@@H]2C=C[C@H]1C21CC1,8.301029996,active,
CHEMBL3732493,CC(C)(C)OC(=O)NCCNC(=O)[C@H]1[C@H](C(=O)Nc2ccc(Br)cc2)[C@@H]2C=C[C@H]1C21CC1,8.37675071,active,
CHEMBL3729752,O=C(NCC(F)(F)F)[C@H]1[C@H](C(=O)Nc2ccc(Br)cc2)[C@@H]2C=C[C@H]1C21CC1,8.619788758,active,
CHEMBL3733084,O=C(NCC1CCCN1)[C@H]1[C@H](C(=O)Nc2ccc(Br)cc2)[C@@H]2C=C[C@H]1C21CC1,8.698970004,active,
CHEMBL3731166,NCc1cccc(CNC(=O)[C@H]2[C@H](C(=O)Nc3ccc(Br)cc3)[C@@H]3C=C[C@H]2C32CC2)c1,9.259637311,active,
CHEMBL3728165,COc1cc(F)c(CNC(=O)[C@H]2[C@H](C(=O)NCCCCN3CCCC3)[C@H]3C=C[C@@H]2C32CC2)c(F)c1.O=CO,6.040005162,partial_active,
CHEMBL3730306,CC(C)(C)OC(=O)N1CCC(NC(=O)[C@H]2[C@H](C(=O)Nc3ccc(Br)cc3)[C@@H]3C=C[C@H]2C32CC2)CC1,6.661543506,partial_active,
CHEMBL3730081,O=C(NCCCN1CCOCC1)[C@H]1[C@H](C(=O)Nc2ccc(Br)cc2)[C@@H]2C=C[C@H]1C21CC1,6.806875402,partial_active,
CHEMBL3730424,NC(=O)CCNC(=O)[C@H]1[C@H](C(=O)NCc2ccc(Br)cc2)[C@@H]2C=C[C@H]1C21CC1,6.619788758,partial_active,
CHEMBL2391261,COc1ccc(Cc2cc(-c3cccs3)nn(CC(=O)Nc3ccc(Br)cc3)c2=O)cc1,4.301029996,inactive,
CHEMBL2391450,COc1cccc(C(=O)Nc2cc(C)nn(CC(=O)Nc3ccc(Br)cc3)c2=O)c1,5.552841969,partial_active,
CHEMBL2391446,COc1cccc(C(=O)c2cc(C)nn(CC(=O)Nc3ccc(Br)cc3)c2=O)c1,6.0,partial_active,
CHEMBL4454594,CCCCC(C(=O)Nc1ccc(Cl)cc1)n1nc(C)cc(Cc2ccccc2OC)c1=O,7.289967301,partial_active,
CHEMBL2391254,COc1cccc(Cc2ccnn(CC(=O)Nc3ccc(Br)cc3)c2=O)c1,5.113509275,partial_active,
CHEMBL2391441,Cc1cc(Cc2ccc(C#N)cc2)c(=O)n(CC(=O)Nc2ccc(Br)cc2)n1,4.301029996,inactive,
CHEMBL2391268,COc1cccc(Cc2cc(-c3ccc(Cl)cc3)nn(CC(=O)Nc3ccc4c(c3)OCO4)c2=O)c1,4.301029996,inactive,
CHEMBL2391263,COc1cccc(Cc2cc(-c3cccs3)nn(CC(=O)Nc3ccc(F)cc3)c2=O)c1,4.301029996,inactive,
CHEMBL2391257,COc1cccc(Cc2cc(C3CCCCC3)nn(CC(=O)Nc3ccc(Br)cc3)c2=O)c1,4.301029996,inactive,
CHEMBL2391443,Cc1cc(Cc2cccc(Cl)c2)c(=O)n(CC(=O)Nc2ccc(I)cc2)n1,4.772113295,inactive,
CHEMBL3733191,O=C(NCCCCN1CCCC1)[C@H]1[C@H](C(=O)NCCc2ccc(Br)cc2)[C@@H]2C=C[C@H]1C21CC1.O=CO,5.055024092,partial_active,
CHEMBL3729576,Cc1ccc(F)c(CNC(=O)[C@H]2[C@H](C(=O)NCCCCN3CCCC3)[C@H]3C=C[C@@H]2C32CC2)c1Cl,4.602059991,inactive,
CHEMBL3729480,O=C(NCCCCN1CCCC1)[C@H]1[C@H](C(=O)Nc2nc(C(F)(F)F)cs2)[C@@H]2C=C[C@H]1C21CC1,4.602059991,inactive,
CHEMBL3728511,CC(C)(C)C1CCC(NC(=O)[C@H]2[C@H](C(=O)NCCCCN3CCCC3)[C@H]3C=C[C@@H]2C32CC2)CC1,5.621602099,partial_active,
CHEMBL3729885,NCCCCCNC(=O)[C@H]1[C@H](C(=O)NCc2ccc(Br)cc2F)[C@@H]2CC[C@H]1C21CC1,7.657577319,active,
CHEMBL3732223,O=C(NCC1CCNCC1)[C@H]1[C@H](C(=O)NCc2ccc(Br)cc2)[C@@H]2C=C[C@H]1C21CC1,7.26760624,partial_active,
CHEMBL3729617,CC(C)(CN)CNC(=O)[C@H]1[C@H](C(=O)Nc2ncc(Br)s2)[C@@H]2C=C[C@H]1C21CC1,7.920818754,active,
CHEMBL3729299,O=C(NCCCCN1CCC(F)(F)C1)[C@H]1[C@H](C(=O)Nc2ccc(Br)cc2)[C@@H]2C=C[C@H]1C21CC1.O=CO,8.356547324,active,
CHEMBL3731316,O=C(NCCCCN1CCCC1)[C@H]1[C@H](C(=O)NCCc2cc(F)c(Br)c(F)c2)[C@@H]2C=C[C@H]1C21CC1,5.924453039,partial_active,
CHEMBL3731870,CC1(C(=O)NC[C@H]2[C@H](C(=O)Nc3ccc(Br)cc3)[C@@H]3C=C[C@H]2C32CC2)CC1(Cl)Cl,7.060480747,partial_active,
CHEMBL3728947,CN(C)C(=O)CCC(=O)NC[C@H]1[C@H](C(=O)Nc2ccc(Br)cc2)[C@@H]2C=C[C@H]1C21CC1,7.096910013,partial_active,
CHEMBL3731223,O=C(Cc1ccccc1Cl)NC[C@H]1[C@H](C(=O)Nc2ccc(Br)cc2)[C@@H]2C=C[C@H]1C21CC1,7.214670165,partial_active,
CHEMBL3732051,CCC(CC)CNC(=O)[C@H]1[C@H](C(=O)NCCCCN2CCCC2)[C@H]2C=C[C@@H]1C21CC1,5.092051478,partial_active,
CHEMBL3727528,CC(=O)CCCNC(=O)[C@H]1[C@H](C(=O)NCCCCN2CCCC2)[C@H]2C=C[C@@H]1C21CC1,6.126098402,partial_active,
CHEMBL3732799,Cc1nc2ccc(NC(=O)[C@H]3[C@H](C(=O)NCCCCN4CCCC4)[C@H]4C=C[C@@H]3C43CC3)cc2s1,6.244125144,partial_active,
CHEMBL3729208,O=C(NCCCCN1CCCC1)[C@H]1[C@H](C(=O)Nc2ccc(OC(F)(F)F)cc2)[C@@H]2C=C[C@H]1C21CC1,6.580044252,partial_active,
CHEMBL3727914,O=C(NCCCCN1CCCC1)[C@H]1[C@H](C(=O)Nc2ncc([N+](=O)[O-])s2)[C@@H]2C=C[C@H]1C21CC1,6.920818754,partial_active,
CHEMBL3732371,O=C(N[C@H]1CC[C@H](CN2CCCC2)CC1)[C@H]1[C@H](C(=O)Nc2ccc(Br)cc2)[C@@H]2C=C[C@H]1C21CC1,6.681936665,partial_active,
CHEMBL3730217,O=C(NCCCCN1CCCCC1)[C@H]1[C@H](C(=O)Nc2ccc(Br)cc2)[C@@H]2C=C[C@H]1C21CC1,10.15490196,active,
CHEMBL3729027,COc1ccc(CNC(=O)[C@H]2[C@H](C(=O)NCCCCN3CCCC3)[C@H]3C=C[C@@H]2C32CC2)cc1F.O=CO,6.410050399,partial_active,
CHEMBL3915698,Cc1cccc(-c2oc(C)nc2C(=O)Nc2cnn(Cc3nc(C4(O)CC4)co3)n2)c1,8.119186408,active,
CHEMBL3984386,CC(C)(O)c1coc(Cn2ncc(NC(=O)c3ncoc3-c3ccccc3)n2)n1,8.096910013,active,
CHEMBL3959136,CC(C)(O)c1coc(Cn2ncc(NC(=O)c3ncoc3-c3ccc(F)cc3)n2)n1,7.292429824,partial_active,
CHEMBL3588922,CCC[C@H]1CNC(=O)C(=O)N1C[C@@H]1CCCN1C[C@@H](Cc1ccc2ccccc2c1)N1C[C@@H](Cc2ccc(O)cc2)N(CC2CCCCC2)C(=O)C1=O,6.853871964,partial_active,
CHEMBL3732252,O=C(NCCCCN1CCCC1)[C@H]1[C@H](C(=O)NCc2cccc(Cl)c2F)[C@@H]2C=C[C@H]1C21CC1,5.326058001,partial_active,
CHEMBL3733130,O=C(NCC1CCNCC1)[C@H]1[C@H](C(=O)Nc2ncc(Br)s2)[C@@H]2CC[C@H]1C21CC1,8.13667714,active,
CHEMBL3732094,O=C(NC1CCNCC1)[C@H]1[C@H](C(=O)Nc2ncc(Br)s2)[C@@H]2CC[C@H]1C21CC1,7.619788758,active,
CHEMBL3727924,NCC1CCN(C(=O)[C@H]2[C@H](C(=O)Nc3ncc(Br)s3)[C@@H]3C=C[C@H]2C32CC2)CC1,7.721246399,active,
CHEMBL3728546,O=C(NC1CCNCC1)[C@H]1[C@H](C(=O)NCc2ccc(Br)cc2)[C@@H]2C=C[C@H]1C21CC1,7.638272164,active,
CHEMBL3731889,O=C(NCCCCN1CCCC1)[C@H]1[C@H](C(=O)Nc2ccc(Br)cc2F)[C@@H]2C=C[C@H]1C21CC1,8.886056648,active,
CHEMBL3730330,O=C(NCCCCN1CCCC1)[C@H]1[C@H](C(=O)NCc2ccc(Br)nc2)[C@@H]2CC[C@H]1C21CC1,8.886056648,active,
CHEMBL3728337,CC(=O)c1csc(CNC(=O)[C@H]2[C@H](C(=O)NCCCN3CCN(C)CC3)[C@H]3C=C[C@@H]2C32CC2)n1,6.321481621,partial_active,
CHEMBL3731851,O=C(N[C@H]1CC[C@H](CO)CC1)[C@H]1[C@H](C(=O)Nc2ncc(Br)s2)[C@@H]2CC[C@H]1C21CC1,6.068033885,partial_active,
CHEMBL556625,COc1cccc(Cc2cc(C)nn(CC(=O)Nc3ccc(Cl)cc3)c2=O)c1,5.795880017,partial_active,
CHEMBL562910,COc1ccc(NC(=O)Cn2nc(C)cc(Cc3cccc(OC)c3)c2=O)cc1,5.958607315,partial_active,
CHEMBL3733012,CCOCCCNC(=O)[C@H]1[C@H](C(=O)Nc2ccc(Br)cc2)[C@@H]2C=C[C@H]1C21CC1,8.744727495,active,
CHEMBL3588923,CCOC(=O)C1CCN(C(=O)[C@H](Cc2c[nH]c3ccccc23)NC(=O)Nc2ccc(Br)cc2)CC1,6.886056648,partial_active,
CHEMBL1289381,COc1ccc(CCNC(=O)Nc2ccc(Br)cc2)cc1,7.0,partial_active,
CHEMBL3729460,O=C(NCCCCCN1CCCC1)[C@H]1[C@H](C(=O)Nc2ccc(Br)cc2)[C@@H]2C=C[C@H]1C21CC1,9.180456064,active,
CHEMBL3727840,CN(C)C(=O)CCNC(=O)[C@H]1[C@H](C(=O)Nc2ccc(Br)cc2)[C@@H]2C=C[C@H]1C21CC1,8.468521083,active,
CHEMBL3733163,NCCCCCNC(=O)[C@H]1[C@H](C(=O)NCc2ccc(Br)cc2F)[C@@H]2C=C[C@H]1C21CC1,7.259637311,partial_active,
CHEMBL3976318,Cc1cccc(-c2oc(C)nc2C(=O)Nc2cnn(Cc3nc(C(C)(C)O)co3)n2)c1,7.928117993,active,
CHEMBL3590070,COc1ccc(NC(=O)N[C@H](Cc2c[nH]c3ccccc23)C(=O)NCC2(c3ccccc3)CCCCC2)cc1,6.585026652,partial_active,
CHEMBL3730523,O=C(NCCCCN1CCCC1)[C@H]1[C@H](C(=O)NCc2cc(C(F)(F)F)ccc2Cl)[C@@H]2C=C[C@H]1C21CC1,5.001304842,partial_active,
CHEMBL3729706,O=C(NCCCCN1CCCC1)[C@H]1[C@H](C(=O)NCc2cccc(OC(F)F)c2)[C@@H]2C=C[C@H]1C21CC1,5.060480747,partial_active,
CHEMBL3730955,O=C(NCCCCN1CCCC1)[C@H]1[C@H](C(=O)NCc2cc(F)c(Br)c(F)c2)[C@@H]2C=C[C@H]1C21CC1,7.337242168,active,
CHEMBL3729916,CNCCNC(=O)[C@H]1[C@H](C(=O)NCc2ccc(Br)cc2)[C@@H]2C=C[C@H]1C21CC1,6.455931956,partial_active,
CHEMBL3729082,O=C(NCCCCN1CCCC1)[C@H]1[C@H](C(=O)NCc2ccc(Br)cc2F)[C@@H]2C=C[C@H]1C21CC1,7.886056648,active,
CHEMBL3730255,CC(=O)c1csc(CNC(=O)[C@H]2[C@H](C(=O)NCCN3CCNC3=O)[C@H]3C=C[C@@H]2C32CC2)n1,7.086186148,partial_active,
CHEMBL3729012,NC[C@H]1CC[C@@H](NC(=O)[C@H]2[C@H](C(=O)Nc3ccc(Br)cc3)[C@@H]3C=C[C@H]2C32CC2)CC1,9.886056648,active,
CHEMBL2391276,COc1ccc(Cc2cc(Cc3ccccc3)nn(CC(=O)Nc3ccc(Br)cc3)c2=O)cc1,4.301029996,inactive,
CHEMBL3728237,COc1ccc(NC(=O)[C@H]2[C@H](C(=O)NCCCCN3CCCC3)[C@H]3C=C[C@@H]2C32CC2)cn1.Cl,6.171984936,partial_active,
CHEMBL3728007,NC(=O)C1CCCCC1NC(=O)[C@H]1[C@H](C(=O)Nc2ccc(Br)cc2)[C@@H]2C=C[C@H]1C21CC1,7.0,partial_active,
CHEMBL3727620,CC(=O)c1ccc(CNC(=O)[C@H]2[C@H](C(=O)NCCCCN3CCCC3)[C@H]3CC[C@@H]2C32CC2)o1,7.677780705,active,
CHEMBL3729225,CC(=O)c1ccc(CNC(=O)[C@H]2[C@H](C(=O)NCCCCN3CCCC3)[C@H]3C=C[C@@H]2C32CC2)s1,6.651695137,partial_active,
CHEMBL3727442,N#CCNC(=O)[C@H]1[C@H](C(=O)Nc2ccc(Br)cc2)[C@@H]2C=C[C@H]1C21CC1,8.173925197,active,
CHEMBL3730502,CNCCNC(=O)[C@H]1[C@H](C(=O)Nc2ccc(Br)cc2)[C@@H]2C=C[C@H]1C21CC1,8.552841969,active,
CHEMBL3728769,O=C(NCCCCN1CCCC1)[C@H]1[C@H](C(=O)Nc2ccc(Br)cc2)[C@@H]2C=C[C@H]1C21CC1,10.0,active,
CHEMBL3730283,CC(C)C[C@@H](CO)NC(=O)[C@H]1[C@H](C(=O)Nc2ccc(Br)cc2)[C@@H]2C=C[C@H]1C21CC1,7.677780705,active,
CHEMBL3728852,CC(C)CCNC(=O)[C@H]1[C@H](C(=O)Nc2ccc(Br)cc2)[C@@H]2C=C[C@H]1C21CC1,7.698970004,active,
CHEMBL3727544,O=C(NCc1ccoc1)[C@H]1[C@H](C(=O)Nc2ccc(Br)cc2)[C@@H]2C=C[C@H]1C21CC1,7.886056648,active,
CHEMBL3727798,O=C(NCCCn1cccn1)[C@H]1[C@H](C(=O)Nc2ccc(Br)cc2)[C@@H]2C=C[C@H]1C21CC1,8.148741651,active,
CHEMBL3732803,O=C(NCCCc1nc2ccccc2[nH]1)[C@H]1[C@H](C(=O)Nc2ccc(Br)cc2)[C@@H]2C=C[C@H]1C21CC1,8.26760624,active,
CHEMBL3732049,CCN(CC)CCCC(C)NC(=O)[C@H]1[C@H](C(=O)Nc2ccc(Br)cc2)[C@@H]2C=C[C@H]1C21CC1,8.408935393,active,
CHEMBL3731264,CC(=O)c1csc(CNC(=O)[C@H]2[C@H](C(=O)NCCCCN3CCCC3)[C@H]3C=C[C@@H]2C32CC2)n1,6.853871964,partial_active,
CHEMBL3728119,COc1c(F)cc(CNC(=O)[C@H]2[C@H](C(=O)NCCCCN3CCCC3)[C@H]3C=C[C@@H]2C32CC2)cc1F.O=CO,6.924453039,partial_active,
CHEMBL3732041,COCCC(=O)NC[C@H]1[C@H](C(=O)Nc2ccc(Br)cc2)[C@@H]2C=C[C@H]1C21CC1,7.142667504,partial_active,
CHEMBL3729471,O=C(NC[C@H]1[C@H](C(=O)Nc2ccc(Br)cc2)[C@@H]2C=C[C@H]1C21CC1)c1cnoc1-c1ccccc1,7.431798276,active,
CHEMBL3732432,Cc1ccc(NC(=O)[C@H]2[C@H](C(=O)NCCCCN3CCCC3)[C@H]3C=C[C@@H]2C32CC2)nc1,7.022276395,partial_active,
CHEMBL3732081,CN(C)CCCCCNC(=O)[C@H]1[C@H](C(=O)Nc2ccc(Br)cc2)[C@@H]2CC[C@H]1C21CC1,9.15490196,active,
CHEMBL3731739,O=C(NCCCn1ccnc1)[C@H]1[C@H](C(=O)Nc2ccc(Br)cc2)[C@@H]2CC[C@H]1C21CC1,8.387216143,active,
CHEMBL3733039,Cc1onc(-c2ccccc2)c1CNC(=O)[C@H]1[C@H](C(=O)Nc2ccc(Br)cc2)[C@@H]2C=C[C@H]1C21CC1,6.090443971,partial_active,
CHEMBL3728252,CC(C)(C)OC(=O)NCc1ccc(CNC(=O)[C@H]2[C@H](C(=O)Nc3ccc(Br)cc3)[C@@H]3C=C[C@H]2C32CC2)cc1,6.407823243,partial_active,
CHEMBL3729032,CNC(=O)[C@H](NC(=O)[C@H]1[C@H](C(=O)Nc2ccc(Br)cc2)[C@@H]2C=C[C@H]1C21CC1)C(C)(C)C,6.428291168,partial_active,
CHEMBL3728553,NC(=O)[C@H](Cc1ccccc1)NC(=O)[C@H]1[C@H](C(=O)Nc2ccc(Br)cc2)[C@@H]2C=C[C@H]1C21CC1,6.651695137,partial_active,
CHEMBL3729626,CCCCCCN(C)C(=O)[C@H]1[C@H](C(=O)Nc2ccc(Br)cc2)[C@@H]2C=C[C@H]1C21CC1,6.876148359,partial_active,
CHEMBL3729543,CCCCNC(=O)[C@H]1[C@H](C(=O)Nc2ccc(Br)cc2)[C@@H]2C=C[C@H]1C21CC1,7.142667504,partial_active,
CHEMBL3730609,O=C(NC1CC1)[C@H]1[C@H](C(=O)Nc2ccc(Br)cc2)[C@@H]2C=C[C@H]1C21CC1,7.200659451,partial_active,
CHEMBL3729807,O=C(Nc1ccnn1-c1ccccc1)[C@H]1[C@H](C(=O)Nc2ccc(Br)cc2)[C@@H]2C=C[C@H]1C21CC1,7.15490196,partial_active,
CHEMBL3730881,CCn1nc(CCNC(=O)[C@H]2[C@H](C(=O)Nc3ccc(Br)cc3)[C@@H]3C=C[C@H]2C32CC2)cc1C,7.619788758,active,
CHEMBL3732253,O=C(NCCCn1ccnc1)[C@H]1[C@H](C(=O)Nc2ccc(Br)cc2)[C@@H]2C=C[C@H]1C21CC1,8.045757491,active,
CHEMBL3729293,CCN(CC)CCN(CC)C(=O)[C@H]1[C@H](C(=O)Nc2ccc(Br)cc2)[C@@H]2C=C[C@H]1C21CC1,8.119186408,active,
CHEMBL3730279,CCSCCNC(=O)[C@H]1[C@H](C(=O)Nc2ccc(Br)cc2)[C@@H]2C=C[C@H]1C21CC1,8.431798276,active,
CHEMBL3729500,O=C(NC1CCCC1)[C@H]1[C@H](C(=O)Nc2ccc(Br)cc2)[C@@H]2C=C[C@H]1C21CC1,8.886056648,active,
CHEMBL3730671,O=C(NCCCN1CCCC1)[C@H]1[C@H](C(=O)NCc2ccc(Br)cc2)[C@@H]2C=C[C@H]1C21CC1,7.30980392,active,
CHEMBL3730474,O=C(NC[C@H]1[C@H](C(=O)Nc2ccc(Br)cc2)[C@@H]2C=C[C@H]1C21CC1)c1ccnn1-c1ccccc1,6.950781977,partial_active,
CHEMBL3733047,CCCCC(=O)NC[C@H]1[C@H](C(=O)Nc2ccc(Br)cc2)[C@@H]2C=C[C@H]1C21CC1,6.987162775,partial_active,
CHEMBL3729633,O=C(NCCCCN1CCCC1)[C@H]1[C@H](C(=O)NCc2cccc(Br)c2)[C@@H]2C=C[C@H]1C21CC1,5.68613278,partial_active,
CHEMBL3729966,O=C(NCCCCN1CCCC1)[C@H]1[C@H](C(=O)Nc2ncc(Cl)s2)[C@@H]2C=C[C@H]1C21CC1,6.91721463,partial_active,
CHEMBL3728342,CC1CCC(NC(=O)[C@H]2[C@H](C(=O)NCCCCN3CCCC3)[C@H]3C=C[C@@H]2C32CC2)CC1,7.148741651,partial_active,
CHEMBL3727655,CC(C)(C)OC(=O)N1CCCC(CCNC(=O)[C@H]2[C@H](C(=O)Nc3ccc(Br)cc3)[C@@H]3C=C[C@H]2C32CC2)C1,6.258060922,partial_active,
CHEMBL3729343,CN1CCC(NC(=O)[C@H]2[C@H](C(=O)Nc3ccc(Br)cc3)[C@@H]3C=C[C@H]2C32CC2)CC1,6.832682665,partial_active,
CHEMBL3732895,COC(=O)CCNC(=O)[C@H]1[C@H](C(=O)Nc2ccc(Br)cc2)[C@@H]2C=C[C@H]1C21CC1,7.657577319,active,
CHEMBL3728062,CC(C)(C)OC(=O)N1CCCC(NC(=O)[C@H]2[C@H](C(=O)Nc3ccc(Br)cc3)[C@@H]3C=C[C@H]2C32CC2)C1,7.744727495,active,
CHEMBL3730991,CN(C)CCCCCNC(=O)[C@H]1[C@H](C(=O)Nc2ccc(Br)cc2)[C@@H]2C=C[C@H]1C21CC1,8.086186148,active,
CHEMBL3730902,CN(CCNC(=O)[C@H]1[C@H](C(=O)Nc2ccc(Br)cc2)[C@@H]2C=C[C@H]1C21CC1)C(=O)OC(C)(C)C,7.920818754,active,
CHEMBL3731311,CC(C)(C)OC(=O)NCCCCNC(=O)[C@H]1[C@H](C(=O)Nc2ccc(Br)cc2)[C@@H]2C=C[C@H]1C21CC1,7.958607315,active,
CHEMBL3729352,CN1CCN(CCCNC(=O)[C@H]2[C@H](C(=O)Nc3ccc(Br)cc3)[C@@H]3C=C[C@H]2C32CC2)CC1,8.022276395,active,
CHEMBL3731406,O=C(NCCCCO)[C@H]1[C@H](C(=O)Nc2ccc(Br)cc2)[C@@H]2C=C[C@H]1C21CC1,8.017728767,active,
CHEMBL3981311,Cc1nc(C(=O)Nc2cnn(Cc3nc(C(C)(C)O)co3)n2)c(-c2cccc(Cl)c2)o1,7.995678626,active,
CHEMBL2391267,COc1ccc(Cc2cc(-c3ccc(Cl)cc3)nn(CC(=O)Nc3ccc(Br)cc3)c2=O)cc1,4.301029996,inactive,
CHEMBL2391262,COc1cccc(Cc2cc(-c3cccs3)nn(CC(=O)Nc3ccc4c(c3)OCO4)c2=O)c1,4.301029996,inactive,
CHEMBL3983228,COc1cccc(-c2ocnc2C(=O)Nc2cnn(Cc3nc(C(C)(C)O)co3)n2)c1,7.764471553,active,
CHEMBL3731370,NS(=O)(=O)c1ccc(CCNC(=O)[C@H]2[C@H](C(=O)NCCc3ccc(Cl)cc3)[C@@H]3C=C[C@H]2C32CC2)cc1,4.602059991,inactive,
CHEMBL4765025,COc1ccc(CC(NC(=O)Nc2ccc(Cl)cc2)C(=O)O)cc1,7.508638306,active,
CHEMBL4778312,COc1ccc([C@@H]2NC(=O)[C@@H]2NC(=O)Nc2ccc(Cl)cc2)cc1,7.920818754,active,
CHEMBL4783963,CCc1cc(F)c([C@@H]2CNC(=O)[C@H]2NC(=O)Nc2ccc(F)cc2)c(F)c1,8.236572006,active,
CHEMBL4761554,COc1cc(F)c([C@@H]2CNC(=O)[C@H]2NC(=O)Nc2ccc(Br)cc2)c(F)c1,9.721246399,active,
CHEMBL4755590,COc1cc(F)c([C@@H]2CNC(=O)[C@H]2NC(=O)Nc2ccc(F)c(O)c2)c(F)c1,10.06048075,active,
CHEMBL4760897,COc1cc(F)c([C@@H]2CNC(=O)[C@H]2NC(=O)Nc2ccc(Cl)s2)c(F)c1,9.537602002,active,
CHEMBL4778725,COc1cc(F)c([C@@H]2CNC(=O)[C@H]2NC(=O)Nc2cc(C)ns2)c(F)c1,9.494850022,active,
CHEMBL2391448,Cc1cc(N)c(=O)n(CC(=O)Nc2ccc(Br)cc2)n1,4.53165267,inactive,
CHEMBL2391440,Cc1cc(Cc2ccc(C(N)=O)cc2)c(=O)n(CC(=O)Nc2ccc(Br)cc2)n1,4.565431096,inactive,
CHEMBL250143,COc1ccc2[nH]c(C(=O)N3CCC(n4cnc5ccccc54)CC3)cc2c1,5.292429824,partial_active,
CHEMBL249742,CCc1ccc2[nH]c(C(=O)N3CC[C@@H](n4c(CC)nc5ccccc54)C3)cc2c1,6.568636236,partial_active,
CHEMBL400089,COc1ccc2[nH]c(C(=O)N3CCC(n4c(CC(C)C)nc5ccccc54)CC3)cc2c1,6.080921908,partial_active,
CHEMBL250347,CCc1nc2ccccc2n1C1CCN(C(=O)c2cc3cc(OC)ccc3[nH]2)CC1,6.161150909,partial_active,
CHEMBL552396,COc1cccc(Cc2cc(C)nn(CC(=O)Nc3ccc(F)cc3)c2=O)c1,5.086186148,partial_active,
CHEMBL551589,COc1cccc(Cc2cc(C)nn(CC(=O)Nc3ccc(Br)cc3)c2=O)c1,5.677780705,partial_active,
CHEMBL2391447,COc1ccc(Nc2c(C(C)=O)c(C)nn(CC(=O)Nc3ccc(Br)cc3)c2=O)cc1,5.769551079,partial_active,
CHEMBL2391264,COc1ccc(Cc2cc(-c3ccc(OC)cc3)nn(CC(=O)Nc3ccc(Br)cc3)c2=O)cc1,4.301029996,inactive,
CHEMBL2391258,COc1cccc(Cc2cc(-c3ccccc3)nn(CC(=O)Nc3ccc(Br)cc3)c2=O)c1,5.366531544,partial_active,
CHEMBL3590212,COC(=O)Nc1cccc(NC(=O)CSc2nc3cc(OC)ccc3[nH]2)c1,5.13667714,partial_active,
CHEMBL3590208,O=C(Nc1ccc(Br)cc1)N[C@@H](Cc1ccccc1)C(=O)N1CCc2ccccc21,6.602059991,partial_active,
CHEMBL3589947,COc1ccc(NC(=O)N[C@@H](Cc2c[nH]c3ccccc23)C(=O)NCC2(c3ccnc(F)c3)CCCCC2)cc1,6.180456064,partial_active,
CHEMBL3731893,CC(=O)c1coc(CNC(=O)[C@H]2[C@H](C(=O)NCCCCN3CCCC3)[C@H]3C=C[C@@H]2C32CC2)n1,6.769551079,partial_active,
CHEMBL3729805,CC(=O)N1CCN(CCCCNC(=O)[C@H]2[C@H](C(=O)Nc3ccc(Br)cc3)[C@@H]3C=C[C@H]2C32CC2)CC1,7.420216403,active,
CHEMBL3729231,COC(=O)CCCC(=O)NC[C@H]1[C@H](C(=O)Nc2ccc(Br)cc2)[C@@H]2C=C[C@H]1C21CC1,7.055517328,partial_active,
CHEMBL3728025,O=C(NCCCCN1CCCC1)[C@H]1[C@H](C(=O)Nc2ccc3scnc3c2)[C@@H]2C=C[C@H]1C21CC1,8.0,active,
CHEMBL3732566,CN1CCN(CCCNC(=O)[C@H]2[C@H](C(=O)Nc3ccc(Br)cc3)[C@@H]3CC[C@H]2C32CC2)CC1,8.886056648,active,
CHEMBL3731092,CC(C)(C)OC(=O)N1CC(NC(=O)[C@H]2[C@H](C(=O)Nc3ccc(Br)cc3)[C@@H]3C=C[C@H]2C32CC2)C1,6.321481621,partial_active,
CHEMBL3729866,CC(C)(C)CCNC(=O)[C@H]1[C@H](C(=O)Nc2ccc(Br)cc2)[C@@H]2C=C[C@H]1C21CC1,6.835647144,partial_active,
CHEMBL3730944,CCCCCNC(=O)[C@H]1[C@H](C(=O)Nc2ccc(Br)cc2)[C@@H]2C=C[C@H]1C21CC1,7.468521083,active,
CHEMBL3731599,Cc1nc(CCNC(=O)[C@H]2[C@H](C(=O)Nc3ccc(Br)cc3)[C@@H]3C=C[C@H]2C32CC2)[nH]c1C,7.721246399,active,
CHEMBL2391438,Cc1cc(Cc2cccc3ccccc23)c(=O)n(CC(=O)Nc2ccc(Br)cc2)n1,4.301029996,inactive,
CHEMBL2391278,Cc1cc(Cc2ccccc2)c(=O)n(CC(=O)Nc2ccc(F)cc2)n1,4.301029996,inactive,
CHEMBL2391274,COc1cccc(Cc2cc(-c3ccc(F)cc3)nn(CC(=O)Nc3ccc4c(c3)OCO4)c2=O)c1,4.301029996,inactive,
CHEMBL2391273,COc1ccc(Cc2cc(-c3ccc(F)cc3)nn(CC(=O)Nc3ccc(Br)cc3)c2=O)cc1,4.301029996,inactive,
CHEMBL2391271,COc1cccc(Cc2cc(-c3ccc(C)cc3)nn(CC(=O)Nc3ccc4c(c3)OCO4)c2=O)c1,4.301029996,inactive,
CHEMBL2391285,Cc1cc(Cc2ccoc2)c(=O)n(CC(=O)Nc2ccc(Br)cc2)n1,5.200659451,partial_active,
CHEMBL249338,CCc1nc2ccccc2n1[C@@H]1CCN(C(=O)c2cc3cc(F)ccc3[nH]2)C1,5.826813732,partial_active,
CHEMBL401313,COc1ccc2[nH]c(C(=O)N3CCC(n4c(-c5ccccc5)nc5ccccc54)CC3)cc2c1,5.567030709,partial_active,
CHEMBL251772,COc1ccc2[nH]c(C(=O)N3CCC(n4c(C(F)(F)F)nc5ccccc54)CC3)cc2c1,5.818156412,partial_active,
CHEMBL3730490,O=C(NCCCCO)[C@H]1[C@H](C(=O)Nc2ncc(Br)s2)[C@@H]2CC[C@H]1C21CC1,7.096910013,partial_active,
CHEMBL3960228,Cc1nc(C(=O)Nc2cnn(Cc3nc(C(C)(C)O)co3)n2)c(-c2cccc(C(F)(F)F)c2)o1,7.663540266,active,
CHEMBL3906325,Cc1nc(C(=O)Nc2cnn(Cc3nc(C(C)(C)O)co3)n2)c(-c2cccc(OC(F)(F)F)c2)o1,7.490797478,active,
CHEMBL3590073,COc1ccc(NC(=O)N[C@@H](Cc2c[nH]c3ccccc23)C(=O)NCC2(c3ccccn3)CCCCC2)cc1,6.366531544,partial_active,
CHEMBL4454321,CSCC[C@H](NC(=O)[C@@H](NC(=O)[C@H](CCSC)NC(=O)[C@H](Cc1ccc(O)cc1)NC(=O)[C@H](CCCCN)NC(=O)[C@@H](N)Cc1c[nH]c2ccccc12)C(C)C)C(=O)O,7.721246399,active,
CHEMBL3590214,COc1ccc2[nH]c(SCC(=O)Nc3ccccc3Cl)nc2c1,5.0,partial_active,
CHEMBL4162930,N#Cc1ccc(C[C@H](NC(=O)Nc2ccc(F)cc2)C(=O)NCC2(c3ccc(F)c(Cl)c3)CC2)cc1,6.721246399,partial_active,
CHEMBL564392,COc1cccc(Cc2cc(C)nn(C(C)C(=O)Nc3ccc(Br)cc3)c2=O)c1,6.22184875,partial_active,
CHEMBL3728649,CN1CCN(CCCCNC(=O)[C@H]2[C@H](C(=O)Nc3ccc(Br)cc3)[C@@H]3C=C[C@H]2C32CC2)CC1,8.387216143,active,
CHEMBL3732419,NC(=O)CNC(=O)[C@H]1[C@H](C(=O)Nc2ccc(Br)cc2)[C@@H]2C=C[C@H]1C21CC1,8.187086643,active,
CHEMBL3728508,CC(=O)c1ccc(NC(=O)[C@H]2[C@H](C(=O)NCCCCN3CCCC3)[C@H]3C=C[C@@H]2C32CC2)cc1,7.638272164,active,
CHEMBL3731544,Cc1cc(C(=O)NC[C@H]2[C@H](C(=O)Nc3ccc(Br)cc3)[C@@H]3C=C[C@H]2C32CC2)nn1C,6.93930216,partial_active,
CHEMBL3732748,COCCCNC(=O)[C@H]1[C@H](C(=O)Nc2ccc(Br)cc2)[C@@H]2C=C[C@H]1C21CC1,7.795880017,active,
CHEMBL3732504,O=C(NCCn1cncn1)[C@H]1[C@H](C(=O)Nc2ccc(Br)cc2)[C@@H]2C=C[C@H]1C21CC1,7.920818754,active,
CHEMBL3731632,O=C(NCC1COCCO1)[C@H]1[C@H](C(=O)Nc2ccc(Br)cc2)[C@@H]2C=C[C@H]1C21CC1,8.022276395,active,
CHEMBL3732404,NCCCNC(=O)[C@H]1[C@H](C(=O)Nc2ccc(Br)cc2)[C@@H]2C=C[C@H]1C21CC1,8.853871964,active,
CHEMBL3589946,COc1ccc(NC(=O)N[C@H](Cc2c[nH]c3ccccc23)C(=O)NCC2(c3ccc(OC)cn3)CCCCC2)cc1,6.638272164,partial_active,
CHEMBL3590217,CCCCOc1ccc(C(=O)NN2Cc3ccccc3NC2c2ccc(OC)cc2)cc1,6.327902142,partial_active,
CHEMBL3590213,CCOc1ccc2[nH]c(SCC(=O)Nc3ccccc3SC)nc2c1,5.096910013,partial_active,
CHEMBL3728393,O=C(NCCCCN1CCCC1)[C@H]1[C@H](C(=O)NCc2nc(Br)cs2)[C@@H]2C=C[C@H]1C21CC1,7.13667714,partial_active,
CHEMBL249537,CCc1nc2ccccc2n1[C@@H]1CCN(C(=O)c2cc3cc(Br)ccc3[nH]2)C1,6.091514981,partial_active,
CHEMBL249339,CCc1nc2ccccc2n1[C@@H]1CCN(C(=O)c2cc3cc(Cl)ccc3[nH]2)C1,4.850780887,inactive,
CHEMBL3728389,CC(C)(C)OC(=O)N1CCC(CNC(=O)[C@H]2[C@H](C(=O)Nc3ccc(Br)cc3)[C@@H]3C=C[C@H]2C32CC2)CC1,6.690369833,partial_active,
CHEMBL3732729,O=C(NC1CCCNC1)[C@H]1[C@H](C(=O)Nc2ncc(Br)s2)[C@@H]2CC[C@H]1C21CC1,8.040958608,active,
CHEMBL3728708,CC(C)(C)OC(=O)CNc1cccc(CNC(=O)[C@H]2[C@H](C(=O)Nc3ccc(Br)cc3)[C@@H]3C=C[C@H]2C32CC2)c1,6.71219827,partial_active,
CHEMBL3731677,Cc1nsc2cc(NC(=O)[C@H]3[C@H](C(=O)NCCCCN4CCCC4)[C@H]4C=C[C@@H]3C43CC3)ccc12,5.354577731,partial_active,
CHEMBL3733092,CC(=O)c1csc(CNC(=O)[C@H]2[C@H](C(=O)NCCCc3nc4ccccc4[nH]3)[C@H]3C=C[C@@H]2C32CC2)n1,6.974694135,partial_active,
CHEMBL3730133,O=C(NCCCCN1CCC[C@@H]1F)[C@H]1[C@H](C(=O)Nc2ccc(Br)cc2)[C@@H]2C=C[C@H]1C21CC1,9.455931956,active,
CHEMBL3729758,O=C(N[C@H]1CC[C@@H](CN2CCCC2)CC1)[C@H]1[C@H](C(=O)Nc2ccc(Br)cc2)[C@@H]2C=C[C@H]1C21CC1,8.677780705,active,
CHEMBL3731635,CN1CCCN(CCCCNC(=O)[C@H]2[C@H](C(=O)Nc3ccc(Br)cc3)[C@@H]3C=C[C@H]2C32CC2)CC1,9.050609993,active,
CHEMBL3729434,O=C(NCCCCN1CCC1)[C@H]1[C@H](C(=O)Nc2ccc(Br)cc2)[C@@H]2C=C[C@H]1C21CC1,9.397940009,active,
CHEMBL3731221,O=C(NCCCCN1CCCC1)[C@H]1[C@H](C(=O)NCc2ccc(I)cc2)[C@@H]2C=C[C@H]1C21CC1,7.37675071,active,
CHEMBL3730664,Cc1nc(CCNC(=O)[C@H]2[C@H](C(=O)Nc3ccc(Br)cc3)[C@H]3C=C[C@@H]2C32CC2)[nH]c1C,7.113509275,partial_active,
CHEMBL3732842,Cc1ccc(CNC(=O)[C@H]2[C@H](C(=O)NCCCCN3CCCC3)[C@H]3C=C[C@@H]2C32CC2)c(C)c1,5.744727495,partial_active,
CHEMBL3727792,O=C(NCCCCN1CCCC1)[C@H]1[C@H](C(=O)NCc2cnc(Br)s2)[C@@H]2C=C[C@H]1C21CC1,6.671620397,partial_active,
CHEMBL3727668,Cn1c(CCC(=O)NC[C@H]2[C@H](C(=O)Nc3ccc(Br)cc3)[C@@H]3C=C[C@H]2C32CC2)nc2ccccc21,6.473660723,partial_active,
CHEMBL3732416,CCN(CC)CCCNC(=O)[C@H]1[C@H](C(=O)Nc2ccc(Br)cc2)[C@@H]2C=C[C@H]1C21CC1,7.096910013,partial_active,
CHEMBL3733253,COc1ccc(CNC(=O)[C@H]2[C@H](C(=O)NCCCCN3CCCC3)[C@H]3C=C[C@@H]2C32CC2)c(F)c1F.O=CO,6.537602002,partial_active,
CHEMBL3728238,CC1CCC(C)N1CCCCNC(=O)[C@H]1[C@H](C(=O)Nc2ccc(Br)cc2)[C@@H]2C=C[C@H]1C21CC1,8.677780705,active,
CHEMBL3729899,Cc1ccc(CCNC(=O)[C@H]2[C@H](C(=O)NCCCCN3CCCC3)[C@H]3C=C[C@@H]2C32CC2)cc1C.O=CO,4.602059991,inactive,
CHEMBL3730257,COc1ccc(CCNC(=O)[C@H]2[C@H](C(=O)NCCCCN3CCCC3)[C@H]3C=C[C@@H]2C32CC2)cc1.O=CO,5.064996849,partial_active,
CHEMBL3728722,O=C(NCCCCN1CCCC1)[C@H]1[C@H](C(=O)NCc2cc(Cl)nc(Cl)c2)[C@@H]2C=C[C@H]1C21CC1,4.974694135,inactive,
CHEMBL3727975,O=C(NCCCCN1CCCC1)[C@H]1[C@H](C(=O)NCCC2=CCCCC2)[C@@H]2C=C[C@H]1C21CC1,5.759450752,partial_active,
CHEMBL3733207,O=C(NCCCCN1CCCC1)[C@H]1[C@H](C(=O)Nc2cc(F)c(Br)cc2F)[C@@H]2C=C[C@H]1C21CC1,6.987162775,partial_active,
CHEMBL3729427,CC(=O)c1csc(CNC(=O)[C@H]2[C@H](C(=O)NCCCN)[C@H]3C=C[C@@H]2C32CC2)n1,6.563837353,partial_active,
CHEMBL3728536,COCCCNC(=O)[C@H]1[C@H](C(=O)Nc2ccc(Br)cc2)[C@@H]2CC[C@H]1C21CC1,8.318758763,active,
CHEMBL3731705,COC[C@H](Cc1ccccc1)NC(=O)[C@H]1[C@H](C(=O)Nc2ccc(Br)cc2)[C@@H]2C=C[C@H]1C21CC1,6.133712661,partial_active,
CHEMBL3729615,CC(NC(=O)[C@H]1[C@H](C(=O)Nc2ccc(Br)cc2)[C@@H]2C=C[C@H]1C21CC1)C(=O)N1CCCCC1,6.928117993,partial_active,
CHEMBL3728092,CCn1nc(C)cc1CCNC(=O)[C@H]1[C@H](C(=O)Nc2ccc(Br)cc2)[C@@H]2C=C[C@H]1C21CC1,7.113509275,partial_active,
CHEMBL3732870,O=C(NCCc1ccccn1)[C@H]1[C@H](C(=O)Nc2ccc(Br)cc2)[C@@H]2C=C[C@H]1C21CC1,7.214670165,partial_active,
CHEMBL3730013,O=C(NCCCn1cncn1)[C@H]1[C@H](C(=O)Nc2ccc(Br)cc2)[C@@H]2C=C[C@H]1C21CC1,7.744727495,active,
CHEMBL3729034,CN(C)CCCNC(=O)[C@H]1[C@H](C(=O)Nc2ccc(Br)cc2)[C@@H]2C=C[C@H]1C21CC1,8.017728767,active,
CHEMBL3731600,O=C(NCCN1CCCC1)[C@H]1[C@H](C(=O)Nc2ccc(Br)cc2)[C@@H]2C=C[C@H]1C21CC1,7.920818754,active,
CHEMBL3730777,CN(C)CCN(C)C(=O)[C@H]1[C@H](C(=O)Nc2ccc(Br)cc2)[C@@H]2C=C[C@H]1C21CC1,7.958607315,active,
CHEMBL3727801,NCc1ccc(CNC(=O)[C@H]2[C@H](C(=O)Nc3ccc(Br)cc3)[C@@H]3C=C[C@H]2C32CC2)cc1,8.124938737,active,
CHEMBL3728716,CC(C)Oc1ccc(CNC(=O)[C@H]2[C@H](C(=O)NCCCCN3CCCC3)[C@H]3C=C[C@@H]2C32CC2)cc1.O=CO,5.141462802,partial_active,
CHEMBL3730978,Cc1nn(C)c(Cl)c1C(=O)NC[C@H]1[C@H](C(=O)Nc2ccc(Br)cc2)[C@@H]2C=C[C@H]1C21CC1,6.016373713,partial_active,
CHEMBL3728451,CC(C)(C)OC(=O)NCCCNC(=O)[C@H]1[C@H](C(=O)Nc2ccc(Br)cc2)[C@@H]2C=C[C@H]1C21CC1,7.769551079,active,
CHEMBL3731817,NC(=O)CCNC(=O)[C@H]1[C@H](C(=O)Nc2ccc(Br)nc2)[C@@H]2C=C[C@H]1C21CC1,8.229147988,active,
CHEMBL3727588,Cc1cnc(NC(=O)[C@H]2[C@H](C(=O)NCCCCN3CCCC3)[C@H]3C=C[C@@H]2C32CC2)s1,6.334419009,partial_active,
CHEMBL3730596,O=C(CCc1ccc(F)cc1)NC[C@H]1[C@H](C(=O)Nc2ccc(Br)cc2)[C@@H]2C=C[C@H]1C21CC1,6.276544328,partial_active,
CHEMBL3731359,O=C(CCc1cc2ccccc2[nH]1)NC[C@H]1[C@H](C(=O)Nc2ccc(Br)cc2)[C@@H]2C=C[C@H]1C21CC1,6.334419009,partial_active,
CHEMBL3731113,O=C(NCC1CCNCC1)[C@H]1[C@H](C(=O)Nc2ccc(Br)cc2)[C@@H]2C=C[C@H]1C21CC1,9.086186148,active,
CHEMBL4536334,CCCCC(C(=O)Nc1ccc(Cl)cc1)n1nc(C)cc(Cc2cccc(OC)c2OC)c1=O,7.280006174,partial_active,
CHEMBL3730760,NC[C@H]1CC[C@H](NC(=O)[C@H]2[C@H](C(=O)Nc3ccc(Br)cc3)[C@@H]3C=C[C@H]2C32CC2)CC1,7.886056648,active,
CHEMBL3730324,O=C(NC1CNC1)[C@H]1[C@H](C(=O)Nc2ncc(Br)s2)[C@@H]2CC[C@H]1C21CC1,7.244125144,partial_active,
CHEMBL3729273,O=C(NCCCCN1CCCC1)[C@H]1[C@H](C(=O)Nc2cnc(Br)c(F)c2)[C@@H]2CC[C@H]1C21CC1.O=CO,6.457174573,partial_active,
CHEMBL3728812,CNCCNC(=O)[C@H]1[C@H](C(=O)NCc2nc(C(C)=O)cs2)[C@@H]2C=C[C@H]1C21CC1,5.982966661,partial_active,
CHEMBL3728341,O=C(NCCCCN1CCCC1)[C@H]1[C@H](C(=O)NCCc2ccc(Cl)cc2Cl)[C@@H]2C=C[C@H]1C21CC1,5.01278077,partial_active,
CHEMBL3728279,Cc1ccc(C)c(CNC(=O)[C@H]2[C@H](C(=O)NCCCCN3CCCC3)[C@H]3C=C[C@@H]2C32CC2)c1,4.954677021,inactive,
CHEMBL3731494,O=C(NCCCCN1CCCC1)[C@H]1[C@H](C(=O)NCc2cc(F)cc(F)c2F)[C@@H]2C=C[C@H]1C21CC1,5.124938737,partial_active,
CHEMBL3730234,O=C(NCCCCN1CCCC1)[C@H]1[C@H](C(=O)NCc2ccc(F)c(Br)c2)[C@@H]2C=C[C@H]1C21CC1,5.130181792,partial_active,
CHEMBL3732163,CC(=O)c1cnc(CNC(=O)[C@H]2[C@H](C(=O)NCCCCN3CCCC3)[C@H]3C=C[C@@H]2C32CC2)s1,5.19859629,partial_active,
CHEMBL3731107,NCCCCCNC(=O)[C@H]1[C@H](C(=O)Nc2ncc(Br)s2)[C@@H]2CC[C@H]1C21CC1,9.346787486,active,
CHEMBL3732195,CCN(CC)CCCCNC(=O)[C@H]1[C@H](C(=O)NCc2ccc(Br)cc2)[C@@H]2C=C[C@H]1C21CC1,6.91721463,partial_active,
CHEMBL3729010,O=C(NCCc1ccccn1)[C@H]1[C@H](C(=O)NCCc2ccc(Cl)cc2)[C@@H]2C=C[C@H]1C21CC1,4.602059991,inactive,
CHEMBL539401,COc1cccc(Cc2cc(C)nn(CC(=O)Nc3ccc(C)cc3)c2=O)c1,6.045757491,partial_active,
CHEMBL3733264,NS(=O)(=O)c1ccc(CCNC(=O)[C@H]2[C@H](C(=O)Nc3ccc(Br)cc3)[C@@H]3C=C[C@H]2C32CC2)cc1,7.638272164,active,
CHEMBL3728401,CC(CO)NCCNC(=O)[C@H]1[C@H](C(=O)Nc2ccc(Br)cc2)[C@@H]2C=C[C@H]1C21CC1,8.346787486,active,
CHEMBL3730354,O=C(NCC1CCCO1)[C@H]1[C@H](C(=O)Nc2ccc(Br)cc2)[C@@H]2C=C[C@H]1C21CC1,8.494850022,active,
CHEMBL3729228,CC(C)(CN)CNC(=O)[C@H]1[C@H](C(=O)Nc2ccc(Br)cc2)[C@@H]2C=C[C@H]1C21CC1,9.008773924,active,
CHEMBL3729013,O=C(NC1CCNC1)[C@H]1[C@H](C(=O)Nc2ccc(Br)cc2)[C@@H]2C=C[C@H]1C21CC1,9.026872146,active,
CHEMBL3728297,COc1ccc(NC(=O)[C@H]2[C@H](C(=O)NCCCCN3CCCC3)[C@H]3C=C[C@@H]2C32CC2)cc1,8.698970004,active,
CHEMBL3728613,CCCN(CC1CC1)C(=O)[C@H]1[C@H](C(=O)Nc2ccc(Br)cc2)[C@@H]2C=C[C@H]1C21CC1,6.698970004,partial_active,
CHEMBL3733305,Cc1ccc(CNC(=O)[C@H]2[C@H](C(=O)NCCCCN3CCCC3)[C@H]3C=C[C@@H]2C32CC2)o1,6.254925208,partial_active,
CHEMBL3728370,CCCCNC(=O)[C@H]1[C@H](C(=O)NCCCCN2CCCC2)[C@H]2C=C[C@@H]1C21CC1,6.437707136,partial_active,
CHEMBL3731492,COC(=O)CCNC(=O)[C@H]1[C@H](C(=O)NCCCCN2CCCC2)[C@H]2C=C[C@@H]1C21CC1,7.283996656,partial_active,
CHEMBL3729813,O=C(NCCN1CCOCC1)[C@H]1[C@H](C(=O)Nc2ccc(Br)cc2)[C@@H]2C=C[C@H]1C21CC1,7.013228266,partial_active,
CHEMBL3732418,CCCCCCNC(=O)[C@H]1[C@H](C(=O)Nc2ccc(Br)cc2)[C@@H]2C=C[C@H]1C21CC1,7.13667714,partial_active,
CHEMBL3732602,CC(C)(CNC(=O)OC(C)(C)C)CNC(=O)[C@H]1[C@H](C(=O)Nc2ccc(Br)cc2)[C@@H]2C=C[C@H]1C21CC1,7.200659451,partial_active,
CHEMBL4166385,COc1ccc(NC(=O)N[C@@H](Cc2ccc(C#N)cc2)C(=O)NCC2(c3ccc(C)c(F)c3)CC2)cc1,5.769551079,partial_active,
CHEMBL551590,COc1cccc(Cc2cc(C)nn(CCC(=O)Nc3ccc(Br)cc3)c2=O)c1,5.26760624,partial_active,
CHEMBL3590211,CCc1ccc(NC(=O)CSc2nc3cc(OC)ccc3[nH]2)cc1,5.494850022,partial_active,
CHEMBL1289260,COc1ccc(CCNC(=O)Nc2ccc(Cl)cc2)cc1,6.397940009,partial_active,
CHEMBL2391452,COc1ccc(-c2cc(C)nn(CC(=O)Nc3ccc(Br)cc3)c2=O)cc1,4.301029996,inactive,
CHEMBL2391451,Cc1cc(NC(=O)c2ccc(Br)cc2)c(=O)n(CC(=O)Nc2ccc(Br)cc2)n1,4.301029996,inactive,
CHEMBL2391270,COc1ccc(Cc2cc(-c3ccc(C)cc3)nn(CC(=O)Nc3ccc(Br)cc3)c2=O)cc1,4.301029996,inactive,
CHEMBL2391266,COc1ccc(-c2cc(Cc3cccc(OC)c3)c(=O)n(CC(=O)Nc3ccc(F)cc3)n2)cc1,4.301029996,inactive,
CHEMBL2391437,Cc1cc(Cc2cccs2)c(=O)n(CC(=O)Nc2ccc(Br)cc2)n1,4.943095149,inactive,
CHEMBL2408791,CC[C@@H](C)[C@@H](NC(=O)Nc1ccc(Br)cc1)C(=O)NCC(=O)O,4.714105288,inactive,
CHEMBL404003,COc1ccc2[nH]c(C(=O)N3CCC(n4c(C)nc5ccccc54)CC3)cc2c1,5.991399828,partial_active,
CHEMBL3984964,Cc1cccc(-c2ocnc2C(=O)Nc2cnn(Cc3nc(C(C)(C)O)co3)n2)c1,7.946921557,active,
CHEMBL3590216,CCCCOc1ccc(C(=O)NN2Cc3ccccc3NC2c2ccc(C)cc2)cc1,5.829738285,partial_active,
CHEMBL3588927,O=C(Nc1ccc(Cl)cc1)N[C@@H](Cc1ccccc1)C(=O)N1CCCCC1,7.301029996,active,
CHEMBL267179,CSCC[C@H](NC=O)C(=O)N[C@@H](CC(C)C)C(=O)N[C@@H](Cc1ccccc1)C(=O)O,4.690369833,inactive,
CHEMBL560780,COc1cccc(Cc2cc(C)nn(CC(=O)Nc3ccc(I)cc3)c2=O)c1,5.744727495,partial_active,
CHEMBL562380,COc1ccc(Cc2cc(C)nn(CC(=O)Nc3ccc(Br)cc3)c2=O)cc1,5.619788758,partial_active,
CHEMBL2408792,CC(C)C[C@H](NC(=O)Nc1ccc(C(F)(F)F)cc1)C(=O)NC(C)(C)C(=O)O,8.638272164,active,
CHEMBL208831,CC1C(N(C)C(=O)N(C)c2ccc(I)cc2)C(=O)N(c2ccccc2)N1C,5.0,partial_active,
CHEMBL249132,CCc1nc2ccccc2n1[C@@H]1CCN(C(=O)c2cc3cc(OC)ccc3[nH]2)C1,7.468521083,active,
CHEMBL562456,COc1cccc(Cc2cc(C)nn(CC(=O)Nc3ccc([N+](=O)[O-])cc3)c2=O)c1,4.910094889,inactive,
CHEMBL3588929,O=C(Nc1ccc(Br)cc1)N[C@@H](Cc1ccccc1)C(=O)NN1CCCCNC1=O,8.397940009,active,
CHEMBL1289379,COc1ccc(CCNC(=O)Nc2ccc(F)cc2)cc1,6.045757491,partial_active,
CHEMBL1288648,COc1ccc(CCNC(=O)Nc2ccccc2)cc1,5.522878745,partial_active,
CHEMBL3588871,COc1ccc(NC(=O)N[C@@H](Cc2c[nH]c3ccccc23)C(=O)NCC2(c3ccc(OC)cn3)CCCCC2)cc1,7.22184875,partial_active,
CHEMBL561375,COc1cccc(Cc2cc(C)nn(CC(=O)Nc3ccccc3)c2=O)c1,6.22184875,partial_active,
CHEMBL556485,COc1cccc(Cc2cc(C)nn(CC(=O)Nc3ccc4c(c3)OCO4)c2=O)c1,5.346787486,partial_active,
CHEMBL549570,COc1cccc(Cc2cc(C)nn(CC(=O)Nc3ccc(C(F)(F)F)cc3)c2=O)c1,5.721246399,partial_active,
CHEMBL248928,CCc1nc2ccccc2n1C1CCN(C(=O)c2cc3cc(OC)ccc3[nH]2)C1,6.886056648,partial_active,
CHEMBL3590209,COc1ccc2[nH]c(SCC(=O)Nc3ccccc3Br)nc2c1,5.394694954,partial_active,
CHEMBL3588925,O=C(Nc1ccc(Br)cc1)N[C@@H](Cc1ccccc1)C(=O)N1CCCC1,6.853871964,partial_active,
CHEMBL3732392,O=C(NCCCCN1CCCC1)[C@H]1[C@H](C(=O)NCc2ccc(F)cc2)[C@@H]2C=C[C@H]1C21CC1.O=CO,6.289036881,partial_active,
CHEMBL3730159,O=C(NCCOCCN1CCCC1)[C@H]1[C@H](C(=O)Nc2ccc(Br)cc2)[C@@H]2C=C[C@H]1C21CC1,9.142667504,active,
CHEMBL3728344,CC(=O)c1ncc(CNC(=O)[C@H]2[C@H](C(=O)NCCCCN3CCCC3)[C@H]3C=C[C@@H]2C32CC2)o1,7.036212173,partial_active,
CHEMBL4796468,COc1ccc(CC(NC(=O)Nc2ccc(Cl)cc2)C(N)=O)cc1,8.443697499,active,
CHEMBL4740375,COc1ccc(C2CNC(=O)C2NC(=O)Nc2ccc(Cl)cc2)cc1,9.045757491,active,
CHEMBL4790245,COc1cc(F)c([C@@H]2CNC(=O)[C@H]2NC(=O)Nc2ncc(Cl)s2)c(F)c1,8.721246399,active,
CHEMBL554291,COc1cccc(Cc2cc(C)nn(CC(=O)Nc3ccc(OC)c(OC)c3)c2=O)c1,5.920818754,partial_active,
CHEMBL2391445,Cc1ccc(=O)n(CC(=O)Nc2ccc(I)cc2)n1,4.301029996,inactive,
CHEMBL2391444,CC1=NN(CC(=O)Nc2ccc(I)cc2)C(=O)CC1,4.301029996,inactive,
CHEMBL2391449,COc1ccc(Nc2cc(C)nn(CC(=O)Nc3ccc(Br)cc3)c2=O)cc1,5.107905397,partial_active,
CHEMBL4159569,COc1ccc(NC(=O)N[C@@H](Cc2ccc(C#N)cc2)C(=O)NCC2(c3ccc(F)c(Cl)c3)CC2)cc1,6.48148606,partial_active,
CHEMBL4588649,COc1cccc(Cc2cc(C)nn(C(C)C(=O)Nc3ccc(Cl)cc3)c2=O)c1,5.019999812,partial_active,
CHEMBL4173645,N#Cc1ccc(C[C@@H](NC(=O)Nc2ccc(F)cc2)C(=O)NCC2(c3ccc(F)c(Cl)c3)CC2)cc1,6.522878745,partial_active,
CHEMBL4172968,N#Cc1ccc(C[C@H](NC(=O)Nc2ccc([N+](=O)[O-])cc2)C(=O)NCC2(c3ccccc3)CC2)cc1,6.200659451,partial_active,
CHEMBL4166447,O=C(Nc1ccc(F)cc1)N[C@@H](Cc1c[nH]c2ccccc12)C(=O)NCC1(c2ccccc2)CC1,5.698970004,partial_active,
CHEMBL3732978,O=C(NCCCCN1CCCC1)[C@H]1[C@H](C(=O)NCCc2ccc(F)cc2)[C@@H]2C=C[C@H]1C21CC1.O=CO,5.196542884,partial_active,
CHEMBL3731737,COc1ccc(CCNC(=O)[C@H]2[C@H](C(=O)NCCCCN3CCCC3)[C@H]3C=C[C@@H]2C32CC2)cc1OC,4.602059991,inactive,
CHEMBL3732990,CC(=O)c1ccc(CNC(=O)[C@H]2[C@H](C(=O)NCCCCN3CCCC3)[C@H]3C=C[C@@H]2C32CC2)cc1,5.011441043,partial_active,
CHEMBL3729111,COc1cc(CNC(=O)[C@H]2[C@H](C(=O)NCCCCN3CCCC3)[C@H]3C=C[C@@H]2C32CC2)ccn1,5.05207638,partial_active,
CHEMBL3732087,O=C(NCCCCN1CCCC1)[C@H]1[C@H](C(=O)NCc2cccc(C(F)(F)F)c2F)[C@@H]2C=C[C@H]1C21CC1,5.101823517,partial_active,
CHEMBL3727601,NCCCCNC(=O)[C@H]1[C@H](C(=O)Nc2ncc(Br)s2)[C@@H]2CC[C@H]1C21CC1,9.301029996,active,
CHEMBL3731680,O=C(NCCCCN1CCCC1)[C@H]1[C@H](C(=O)NCc2cc(F)c(Br)cc2F)[C@@H]2C=C[C@H]1C21CC1,6.521433504,partial_active,
CHEMBL3730960,O=C(NCC1CCNCC1)[C@H]1[C@H](C(=O)Nc2ncc(Br)s2)[C@@H]2C=C[C@H]1C21CC1,8.244125144,active,
CHEMBL3729170,O=C(NCCCCN1CCCC1)[C@H]1[C@H](C(=O)Nc2ccc(Br)cn2)[C@@H]2C=C[C@H]1C21CC1,8.537602002,active,
CHEMBL4170201,COc1ccc(NC(=O)N[C@H](Cc2ccc(C#N)cc2)C(=O)NCC2(c3ccc(F)c(Cl)c3)CC2)cc1,6.13667714,partial_active,
CHEMBL400723,CCc1nc2ccccc2n1[C@@H]1CCN(C(=O)c2nc3cc(OC)ccc3[nH]2)C1,5.728158393,partial_active,
CHEMBL3728573,COCC1CCCN1CCCCNC(=O)[C@H]1[C@H](C(=O)Nc2ccc(Br)cc2)[C@@H]2C=C[C@H]1C21CC1.O=CO,8.853871964,active,
CHEMBL3731064,CC(C)CCN1CCC(NC(=O)[C@H]2[C@H](C(=O)NCCc3ccc(Cl)cc3)[C@@H]3C=C[C@H]2C32CC2)CC1,4.982966661,inactive,
CHEMBL3733127,O=C(NCCN1CCNC1=O)[C@H]1[C@H](C(=O)NCc2ccc(Br)cc2)[C@@H]2C=C[C@H]1C21CC1,6.742321425,partial_active,
CHEMBL2408793,CC(C)C[C@H](NC(=O)Nc1ccc(Br)cc1)C(=O)NC(C)(C)C(=O)O,9.0,active,
CHEMBL2391284,Cc1cc(Cc2ccc(C(F)(F)F)cc2)c(=O)n(CC(=O)Nc2ccc(Br)cc2)n1,4.301029996,inactive,
CHEMBL2391269,COc1cccc(Cc2cc(-c3ccc(Cl)cc3)nn(CC(=O)Nc3ccc(F)cc3)c2=O)c1,4.301029996,inactive,
CHEMBL2391260,COc1cccc(Cc2cc(-c3ccccc3)nn(CC(=O)Nc3ccc(F)cc3)c2=O)c1,4.301029996,inactive,
CHEMBL3732403,O=C(NCCCCN1CCCC1)[C@H]1[C@H](C(=O)Nc2c(F)cc(Br)cc2F)[C@@H]2C=C[C@H]1C21CC1,8.026872146,active,
CHEMBL3728857,CC(C)(CN)CNC(=O)[C@H]1[C@H](C(=O)NCc2ccc(Br)cc2)[C@@H]2C=C[C@H]1C21CC1,7.585026652,active,
CHEMBL3730632,CN1CCN(CCCNC(=O)[C@H]2[C@H](C(=O)NCc3ccc(Br)cc3)[C@@H]3C=C[C@H]2C32CC2)CC1,6.671620397,partial_active,
CHEMBL3729761,CC(=O)c1csc(CNC(=O)[C@H]2[C@H](C(=O)NCCC(N)=O)[C@H]3C=C[C@@H]2C32CC2)n1,6.527243551,partial_active,
CHEMBL3731163,O=C(NCCCCN1CCCC1)[C@H]1[C@H](C(=O)Nc2ccc(Br)nc2)[C@@H]2C=C[C@H]1C21CC1,8.958607315,active,
CHEMBL2391281,Cc1cc(Cc2cccc(Cl)c2)c(=O)n(CC(=O)Nc2ccc(Br)cc2)n1,4.301029996,inactive,
CHEMBL2391280,Cc1cc(Cc2cccc(F)c2)c(=O)n(CC(=O)Nc2ccc(Br)cc2)n1,4.301029996,inactive,
CHEMBL2391286,Cc1cc(Cc2ccsc2)c(=O)n(CC(=O)Nc2ccc(Br)cc2)n1,4.850780887,inactive,
CHEMBL2391439,Cc1cc(Cc2cccnc2)c(=O)n(CC(=O)Nc2ccc(Br)cc2)n1,5.552841969,partial_active,
CHEMBL430016,CCc1nc2ccccc2n1[C@@H]1CCN(C(=O)c2cc3cc(OC(F)(F)F)ccc3[nH]2)C1,4.913640169,inactive,
CHEMBL401314,CCc1nc2ccccc2n1[C@H]1CCN(C(=O)c2cc3cc(OC)ccc3[nH]2)C1,5.455931956,partial_active,
CHEMBL2391255,CCc1cc(Cc2cccc(OC)c2)c(=O)n(CC(=O)Nc2ccc(I)cc2)n1,5.259637311,partial_active,
CHEMBL5075000,O=C(Nc1ccc(Br)cc1)NC1CCN(C2CCNCC2)C1=O,6.638272164,partial_active,
CHEMBL3588924,CNOC(=O)C1CCN(C(=O)[C@H](Cc2c[nH]c3ccccc23)NC(=O)Nc2ccc(Br)cc2)CC1C,6.522878745,partial_active,
CHEMBL4172556,O=C(Nc1ccc([N+](=O)[O-])cc1)N[C@H](Cc1cccnc1)C(=O)NCC1(c2ccccc2)CC1,6.920818754,partial_active,
CHEMBL2391442,COc1cc(Cc2cc(C)nn(CC(=O)Nc3ccc(I)cc3)c2=O)cc(OC)c1,4.301029996,inactive,
CHEMBL2391272,COc1cccc(Cc2cc(-c3ccc(C)cc3)nn(CC(=O)Nc3ccc(F)cc3)c2=O)c1,4.301029996,inactive,
CHEMBL2391277,Cc1cc(Cc2ccccc2)c(=O)n(CC(=O)Nc2ccc(Br)cc2)n1,4.935542011,inactive,
CHEMBL3938248,CC(C)(O)c1coc(Cn2ncc(NC(=O)c3ncoc3-c3cccc(Cl)c3)n2)n1,7.749579998,active,
CHEMBL3935685,Cc1cccc(-c2oc(C3CC3)nc2C(=O)Nc2cnn(Cc3nc(C(C)(C)O)co3)n2)c1,7.276544328,partial_active,
CHEMBL4743133,COc1ccc([C@@H]2CNC(=O)[C@H]2NC(=O)Nc2ccc(F)cc2)c(Cl)c1,8.397940009,active,
CHEMBL3729822,NC(=O)CCCNC(=O)[C@H]1[C@H](C(=O)Nc2ccc(Br)cc2)[C@@H]2C=C[C@H]1C21CC1.O=CO,8.13667714,active,
CHEMBL3733287,O=C(NCCCCN1CCCC1)[C@H]1[C@H](C(=O)NCc2csc(Br)c2)[C@@H]2C=C[C@H]1C21CC1,7.48148606,active,
CHEMBL3730804,CC(C)Cc1cc(CNC(=O)[C@H]2[C@H](C(=O)NCCCCN3CCCC3)[C@H]3C=C[C@@H]2C32CC2)no1,7.031517051,partial_active,
CHEMBL3732281,O=C(NCCCCN1CCCC1)[C@H]1[C@H](C(=O)Nc2nc(-c3ccccc3)ns2)[C@@H]2C=C[C@H]1C21CC1,5.004803708,partial_active,
CHEMBL3729699,O=C(NCCCCN1CCCC1)[C@H]1[C@H](C(=O)Nc2cnc(Cl)nc2)[C@@H]2C=C[C@H]1C21CC1,5.876148359,partial_active,
CHEMBL3729988,NCCNC(=O)[C@H]1[C@H](C(=O)Nc2ccc(Br)cc2)[C@@H]2C=C[C@H]1C21CC1,8.0,active,
CHEMBL3730197,CC(C)(C)OC(=O)N1CCC(NC(=O)[C@H]2[C@H](C(=O)Nc3ccc(Br)cc3)[C@@H]3C=C[C@H]2C32CC2)C1,8.920818754,active,
CHEMBL3729485,Cl.O=C(NCCCCN1CCCC1)[C@H]1[C@H](C(=O)Nc2ccc(C(F)(F)F)cc2)[C@@H]2C=C[C@H]1C21CC1,7.086186148,partial_active,
CHEMBL3730203,CCOc1ccc(CNC(=O)[C@H]2[C@H](C(=O)NCCCCN3CCCC3)[C@H]3C=C[C@@H]2C32CC2)cc1.O=CO,5.536107011,partial_active,
CHEMBL3732039,O=C(NCCCCN1CCCC1)[C@H]1[C@H](C(=O)NCc2ccc(F)c(C(F)(F)F)c2)[C@@H]2C=C[C@H]1C21CC1,5.0,partial_active,
CHEMBL4793603,COc1ccc([C@H]2CNC(=O)[C@@H]2NC(=O)Nc2ccc(Cl)cc2)cc1,7.468521083,active,
CHEMBL4756320,CCOc1cc(F)c([C@@H]2CNC(=O)[C@H]2NC(=O)Nc2ccc(F)cc2)c(F)c1,7.853871964,active,
CHEMBL4792002,COc1cc(F)c([C@@H]2CNC(=O)[C@H]2NC(=O)Nc2ccc(Cl)cn2)c(F)c1,8.346787486,active,
CHEMBL3731822,Cc1ccc(CCNC(=O)[C@H]2[C@H](C(=O)NCCCCN3CCCC3)[C@H]3C=C[C@@H]2C32CC2)c(C)c1.O=CO,4.602059991,inactive,
CHEMBL3729979,CNCCNC(=O)[C@H]1[C@H](C(=O)Nc2ncc(Br)s2)[C@@H]2C=C[C@H]1C21CC1,7.008773924,partial_active,
CHEMBL3730378,Cc1cc(Br)ccc1NC(=O)[C@H]1[C@H](C(=O)NCCCCN2CCCC2)[C@H]2C=C[C@@H]1C21CC1,6.560667306,partial_active,
CHEMBL3730658,CCN(CC)CCCCNC(=O)[C@H]1[C@H](C(=O)NCc2nc(C(C)=O)cs2)[C@@H]2C=C[C@H]1C21CC1,7.013228266,partial_active,
CHEMBL4745044,COc1ccc([C@@H]2CNC(=O)[C@H]2NC(=O)Nc2ccc(F)cc2)c(F)c1,9.346787486,active,
CHEMBL2391283,COc1cc(Cc2cc(C)nn(CC(=O)Nc3ccc(Br)cc3)c2=O)cc(OC)c1,4.301029996,inactive,
CHEMBL2391282,Cc1cc(Cc2cccc(Br)c2)c(=O)n(CC(=O)Nc2ccc(Br)cc2)n1,4.301029996,inactive,
CHEMBL2391279,Cc1cc(Cc2ccccc2)c(=O)n(CC(=O)Nc2ccc3c(c2)OCO3)n1,4.301029996,inactive,
CHEMBL2391275,COc1cccc(Cc2cc(-c3ccc(F)cc3)nn(CC(=O)Nc3ccc(F)cc3)c2=O)c1,4.301029996,inactive,
CHEMBL2391265,COc1ccc(-c2cc(Cc3cccc(OC)c3)c(=O)n(CC(=O)Nc3ccc4c(c3)OCO4)n2)cc1,4.301029996,inactive,
CHEMBL3728805,O=C(CCCN1CCCC1)NC[C@H]1[C@H](C(=O)Nc2ccc(Br)cc2)[C@@H]2C=C[C@H]1C21CC1,6.795880017,partial_active,
CHEMBL3728360,O=C(NC[C@H]1[C@H](C(=O)Nc2ccc(Br)cc2)[C@@H]2C=C[C@H]1C21CC1)c1cccc(F)c1Cl,6.801342913,partial_active,
CHEMBL3728768,CCN1CCC(C(=O)NC[C@H]2[C@H](C(=O)Nc3ccc(Br)cc3)[C@@H]3C=C[C@H]2C32CC2)CC1,6.882728704,partial_active,
CHEMBL3732516,Cc1ccncc1C(=O)NC[C@H]1[C@H](C(=O)Nc2ccc(Br)cc2)[C@@H]2C=C[C@H]1C21CC1,6.928117993,partial_active,
CHEMBL3732813,Cc1nc(CC(=O)NC[C@H]2[C@H](C(=O)Nc3ccc(Br)cc3)[C@@H]3C=C[C@H]2C32CC2)c(C)s1,7.148741651,partial_active,
CHEMBL3729199,CC(C)(C)c1csc(NC(=O)[C@H]2[C@H](C(=O)NCCCCN3CCCC3)[C@H]3C=C[C@@H]2C32CC2)n1,5.016373713,partial_active,
CHEMBL3732365,O=C(NCCCCN1CCCC1)[C@H]1[C@H](C(=O)NCCc2ccccc2)[C@@H]2C=C[C@H]1C21CC1,6.136082623,partial_active,
CHEMBL3731214,CC(C)CCNC(=O)[C@H]1[C@H](C(=O)NCCCCN2CCCC2)[C@H]2C=C[C@@H]1C21CC1,6.453457337,partial_active,
CHEMBL3728166,O=C(NCCCCN1CCCC1)[C@H]1[C@H](C(=O)NCCOc2ccccc2)[C@@H]2C=C[C@H]1C21CC1,6.496209317,partial_active,
CHEMBL3732225,O=C(NCCN1CCNC1=O)[C@H]1[C@H](C(=O)Nc2ccc(Br)cc2)[C@@H]2CC[C@H]1C21CC1,8.619788758,active,
CHEMBL3729542,CN1CCCC1CCNC(=O)[C@H]1[C@H](C(=O)Nc2ccc(Br)cc2)[C@@H]2C=C[C@H]1C21CC1,8.236572006,active,
CHEMBL3730024,O=C(NC1CCCNC1)[C@H]1[C@H](C(=O)Nc2ccc(Br)cc2)[C@@H]2C=C[C@H]1C21CC1,8.37675071,active,
CHEMBL3728753,O=C(NCC1CCC(O)CC1)[C@H]1[C@H](C(=O)Nc2ccc(Br)cc2)[C@@H]2C=C[C@H]1C21CC1,8.48148606,active,
CHEMBL3731849,NC(=O)CCNC(=O)[C@H]1[C@H](C(=O)Nc2ccc(Br)cc2)[C@@H]2C=C[C@H]1C21CC1,8.958607315,active,
CHEMBL3729246,CCN(CC)CCCCNC(=O)[C@H]1[C@H](C(=O)Nc2ccc(Br)cc2)[C@@H]2C=C[C@H]1C21CC1,9.0,active,
CHEMBL3732621,CN(C)CCNC(=O)[C@H]1[C@H](C(=O)Nc2ccc(Br)cc2)[C@@H]2C=C[C@H]1C21CC1,9.387216143,active,
CHEMBL3730438,NCCCCNC(=O)[C@H]1[C@H](C(=O)Nc2ccc(Br)cc2)[C@@H]2C=C[C@H]1C21CC1,9.468521083,active,
CHEMBL3728932,O=C(NC1CCNCC1)[C@H]1[C@H](C(=O)Nc2ccc(Br)cc2)[C@@H]2C=C[C@H]1C21CC1,9.698970004,active,
CHEMBL3727613,NCCCCCNC(=O)[C@H]1[C@H](C(=O)Nc2ccc(Br)cc2)[C@@H]2C=C[C@H]1C21CC1,9.795880017,active,
CHEMBL3731384,CC(=O)c1coc(CNC(=O)[C@H]2[C@H](C(=O)NCC(C)C)[C@H]3C=C[C@@H]2C32CC2)n1,6.432973634,partial_active,
CHEMBL3730211,O=C(NCCC(=O)N1CCCC1)[C@H]1[C@H](C(=O)Nc2ccc(Br)cc2)[C@@H]2C=C[C@H]1C21CC1,7.508638306,active,
CHEMBL3728585,O=C(NC[C@H]1[C@H](C(=O)Nc2ccc(Br)cc2)[C@@H]2C=C[C@H]1C21CC1)C1CCCC1,6.698970004,partial_active,
CHEMBL4547265,COC(=O)[C@@H](Cc1ccccc1)NC(=O)[C@H](Cc1c[nH]c2ccccc12)NC(=O)OC(C)(C)C,4.978810701,inactive,
CHEMBL3407845,CC(C)C[C@H](NC(=O)[C@H](CCCCN)NC(=O)[C@H](CO)NC(=O)[C@H](CC(C)C)NC(=O)[C@H](CO)NC(=O)[C@@H](N)CO)C(=O)O,5.124938737,partial_active,
CHEMBL3730922,Cl.O=C(NCCCCN1CCCC1)[C@H]1[C@H](C(=O)Nc2ccc(C(F)(F)F)nc2)[C@@H]2C=C[C@H]1C21CC1,7.958607315,active,
CHEMBL3727702,CC(C)(CO)NC(=O)[C@H]1[C@H](C(=O)Nc2ncc(Br)s2)[C@@H]2CC[C@H]1C21CC1,6.477555766,partial_active,
CHEMBL3730683,O=C(NCCO)[C@H]1[C@H](C(=O)Nc2ncc(Br)s2)[C@@H]2CC[C@H]1C21CC1,6.801342913,partial_active,
CHEMBL3731167,CC(CCCNC(=O)[C@H]1[C@H](C(=O)Nc2ccc(Br)cc2)[C@@H]2C=C[C@H]1C21CC1)N1CCCC1.O=CO,8.744727495,active,
CHEMBL3730156,O=C(NCCCCN1CCCC1)[C@H]1[C@H](C(=O)Nc2ccc(Br)c(C(F)(F)F)c2)[C@@H]2C=C[C@H]1C21CC1,5.420216403,partial_active,
CHEMBL3729585,Cc1cc(C)cc(CNC(=O)[C@H]2[C@H](C(=O)NCCCCN3CCCC3)[C@H]3C=C[C@@H]2C32CC2)c1,5.097997109,partial_active,
CHEMBL3733198,O=C(NCCCCN1CCCC1)[C@H]1[C@H](C(=O)NCc2ccc(F)cc2Br)[C@@H]2C=C[C@H]1C21CC1,5.161150909,partial_active,
CHEMBL3728965,Cc1coc(NC(=O)[C@H]2[C@H](C(=O)NCCCCN3CCCC3)[C@H]3C=C[C@@H]2C32CC2)n1,5.241845378,partial_active,
CHEMBL3729495,CC(=O)c1csc(NC(=O)[C@H]2[C@H](C(=O)NCCCCN3CCCC3)[C@H]3C=C[C@@H]2C32CC2)n1,5.105130343,partial_active,
CHEMBL3730982,O=C(NCCCCN1CCCC1)[C@H]1[C@H](C(=O)NCCc2ccccn2)[C@@H]2C=C[C@H]1C21CC1,5.621602099,partial_active,
CHEMBL3729130,O=C(NCC1CCCCN1)[C@H]1[C@H](C(=O)Nc2ncc(Br)s2)[C@@H]2CC[C@H]1C21CC1,8.677780705,active,
CHEMBL3730036,O=C(NCCCO)[C@H]1[C@H](C(=O)Nc2ncc(Br)s2)[C@@H]2CC[C@H]1C21CC1,7.017728767,partial_active,
CHEMBL3730289,O=C(NCCCCN1CCCC1)[C@H]1[C@H](C(=O)Nc2nc(Br)cs2)[C@@H]2C=C[C@H]1C21CC1,5.809668302,partial_active,
CHEMBL3731172,CN(C)CCNC(=O)[C@H]1[C@H](C(=O)NCCc2ccc(Cl)cc2)[C@@H]2C=C[C@H]1C21CC1,4.602059991,inactive,
CHEMBL3728781,COc1ccc(CCNC(=O)[C@H]2[C@H](C(=O)NCCCCN3CCCC3)[C@H]3C=C[C@@H]2C32CC2)cc1Br.O=CO,4.987162775,inactive,
CHEMBL3728150,Cc1ccc(CCNC(=O)[C@H]2[C@H](C(=O)NCCCCN3CCCC3)[C@H]3C=C[C@@H]2C32CC2)cc1.O=CO,5.408935393,partial_active,
CHEMBL3733201,COc1ccc(CNC(=O)[C@H]2[C@H](C(=O)NCCCCN3CCCC3)[C@H]3C=C[C@@H]2C32CC2)cc1OC.O=CO,5.043351421,partial_active,
CHEMBL3729077,NCCCCNC(=O)[C@H]1[C@H](C(=O)Nc2ccc(Br)cc2)[C@H]2C=C[C@@H]1C21CC1,7.721246399,active,
CHEMBL3728159,CC(C)(C)OC(=O)NCCCCCNC(=O)[C@H]1[C@H](C(=O)Nc2ncc(Br)s2)[C@@H]2CC[C@H]1C21CC1,6.284832642,partial_active,
CHEMBL3730697,NCCCCNC(=O)[C@H]1[C@H](C(=O)NCc2ccc(Br)cc2F)[C@@H]2C=C[C@H]1C21CC1,7.283996656,partial_active,
CHEMBL3730919,O=C(NCCCCN1CCCC1)[C@H]1[C@H](C(=O)NCc2ccc(Br)cc2F)[C@@H]2CC[C@H]1C21CC1,7.886056648,active,
CHEMBL3731785,CC(=O)c1csc(CNC(=O)[C@H]2[C@H](C(=O)NCC3CCNCC3)[C@H]3C=C[C@@H]2C32CC2)n1,6.415668776,partial_active,
CHEMBL3728771,NC(=O)CCNC(=O)[C@H]1[C@H](C(=O)Nc2ccc(Cl)nc2)[C@@H]2CC[C@H]1C21CC1,7.619788758,active,
CHEMBL3728506,COc1ccc(NC(=O)[C@H]2[C@H](C(=O)NCCC(N)=O)[C@H]3C=C[C@@H]2C32CC2)cc1,7.494850022,active,
CHEMBL3732159,NC(=O)CCNC(=O)[C@H]1[C@H](C(=O)NCc2ccc(Br)cc2F)[C@@H]2C=C[C@H]1C21CC1,6.835647144,partial_active,
CHEMBL3730629,O=C(NCCN1CCNC1=O)[C@H]1[C@H](C(=O)Nc2ccc(Br)cc2)[C@@H]2C=C[C@H]1C21CC1,8.318758763,active,
CHEMBL3728604,O=C(CC1CC1)NC[C@H]1[C@H](C(=O)Nc2ccc(Br)cc2)[C@@H]2C=C[C@H]1C21CC1,6.501689446,partial_active,
CHEMBL3727591,COCCC(=O)N(C)C[C@H]1[C@H](C(=O)Nc2ccc(Br)cc2)[C@@H]2C=C[C@H]1C21CC1,6.809668302,partial_active,
CHEMBL3732149,O=C(CCc1cccnc1)NC[C@H]1[C@H](C(=O)Nc2ccc(Br)cc2)[C@@H]2C=C[C@H]1C21CC1,6.866461092,partial_active,
CHEMBL3731426,O=C(CCCN1CCCC1=O)NC[C@H]1[C@H](C(=O)Nc2ccc(Br)cc2)[C@@H]2C=C[C@H]1C21CC1,7.327902142,active,
CHEMBL3730033,O=C(NC1CCCCC1)[C@H]1[C@H](C(=O)Nc2ccc(Br)cc2)[C@@H]2C=C[C@H]1C21CC1,6.665546249,partial_active,
CHEMBL3728826,CC(C)CNC(=O)[C@H]1[C@H](C(=O)NCc2ccc(Br)cc2)[C@@H]2C=C[C@H]1C21CC1,6.718966633,partial_active,
CHEMBL3728562,CC(C)CNC(=O)[C@H]1[C@H](C(=O)NCc2ncc(Br)s2)[C@@H]2C=C[C@H]1C21CC1,8.408935393,active,
CHEMBL3730856,NC(=O)CCNC(=O)[C@H]1[C@H](C(=O)Nc2ncc(Br)s2)[C@@H]2C=C[C@H]1C21CC1,8.091514981,active,
CHEMBL3727795,O=C(NCCCCN1CCCC1)[C@H]1[C@H](C(=O)Nc2ncc(Br)s2)[C@@H]2CC[C@H]1C21CC1,7.657577319,active,
CHEMBL3728739,O=C(NCCCC(=O)N1CCCC1)[C@H]1[C@H](C(=O)Nc2ccc(Br)cc2)[C@@H]2C=C[C@H]1C21CC1,8.214670165,active,
CHEMBL3730781,O=C(NCCCCN1CCCC1)[C@H]1[C@H](C(=O)Nc2ccc(Br)c(F)c2F)[C@@H]2C=C[C@H]1C21CC1,6.627087997,partial_active,
CHEMBL3729184,NCc1ccc(CNC(=O)[C@H]2[C@H](C(=O)Nc3ncc(Br)s3)[C@@H]3C=C[C@H]2C32CC2)cc1,7.346787486,active,
CHEMBL3732902,O=C(NCCCCN1CCCC1)[C@H]1[C@H](C(=O)Nc2ccc(Br)c(F)c2)[C@@H]2C=C[C@H]1C21CC1,9.060480747,active,
CHEMBL3727690,COCCNC(=O)[C@H]1[C@H](C(=O)Nc2ncc(Br)s2)[C@@H]2C=C[C@H]1C21CC1,7.356547324,active,
CHEMBL3732201,O=C(NCCF)[C@H]1[C@H](C(=O)NCc2ccc(Br)cc2)[C@@H]2C=C[C@H]1C21CC1,6.171984936,partial_active,
CHEMBL3730618,Cc1csc(NC(=O)[C@H]2[C@H](C(=O)NCCCCN3CCCC3)[C@H]3C=C[C@@H]2C32CC2)n1.Cl,5.172630727,partial_active,
CHEMBL3732907,CC(C)Oc1ccccc1CNC(=O)[C@H]1[C@H](C(=O)NCCCCN2CCCC2)[C@H]2C=C[C@@H]1C21CC1,4.602059991,inactive,
CHEMBL3731971,Cc1nc(NC(=O)[C@H]2[C@H](C(=O)NCCCCN3CCCC3)[C@H]3C=C[C@@H]2C32CC2)sc1C,4.602059991,inactive,
CHEMBL3728809,O=C(NCCCCN1CCCC1)[C@H]1[C@H](C(=O)NCc2cc(F)cc(C(F)(F)F)c2)[C@@H]2C=C[C@H]1C21CC1,5.041436117,partial_active,
CHEMBL2391256,COc1cccc(Cc2cc(C(C)C)nn(CC(=O)Nc3ccc(Br)cc3)c2=O)c1,5.142667504,partial_active,
CHEMBL5176452,N#Cc1ccc(C[C@@H](NC(=O)Nc2ccc(F)cc2)C(=O)NC2CCCCNC2=O)cc1,6.0,partial_active,
CHEMBL5184490,N#Cc1ccc(C[C@@H](NC(=O)Nc2ccc(F)cc2)C(=O)N2CCc3cc(F)ccc32)cc1,6.387216143,partial_active,
CHEMBL3728538,O=C(NC1CCC(O)CC1)[C@H]1[C@H](C(=O)Nc2ncc(Br)s2)[C@@H]2CC[C@H]1C21CC1,7.161150909,partial_active,
CHEMBL3730082,O=C(NCCCCN1CCCC1)[C@H]1[C@H](C(=O)Nc2cnc(Br)c(F)c2)[C@@H]2C=C[C@H]1C21CC1,6.774690718,partial_active,
CHEMBL3732014,CC(C)CNC(=O)[C@H]1[C@H](C(=O)Nc2ncc(Br)s2)[C@@H]2CC[C@H]1C21CC1,7.086186148,partial_active,
CHEMBL4744835,COc1cc(F)c([C@@H]2CNC(=O)[C@H]2NC(=O)Nc2ccc(F)cc2)cc1F,9.823908741,active,
CHEMBL3954589,Cc1nc(C(=O)Nc2cnn(Cc3nc(C(C)(C)O)co3)n2)c(-c2ccccc2)o1,7.987162775,active,
CHEMBL4779558,O=C(Nc1ccc(Br)cc1)N[C@@H](CC1CC1)C(=O)Nc1cccnc1,7.167491087,partial_active,
CHEMBL3727729,O=C(NCCCN1CCCC1)[C@H]1[C@H](C(=O)Nc2ncc(Br)s2)[C@@H]2C=C[C@H]1C21CC1,6.515700161,partial_active,
CHEMBL3730056,O=C(NCCCCN1CCC[C@H]1F)[C@H]1[C@H](C(=O)Nc2ccc(Br)cc2)[C@@H]2C=C[C@H]1C21CC1,9.522878745,active,
CHEMBL3731458,Cc1[nH]ncc1CCCNC(=O)[C@H]1[C@H](C(=O)Nc2ccc(Br)cc2)[C@@H]2C=C[C@H]1C21CC1,6.774690718,partial_active,
CHEMBL3731308,O=C(NCCCCN1CCCC1)[C@H]1[C@H](C(=O)Nc2ccc(C(F)(F)F)cc2)[C@@H]2CC[C@H]1C21CC1,8.26760624,active,
CHEMBL3728558,CC(C)(C)OC(=O)N1CCCC1CNC(=O)[C@H]1[C@H](C(=O)Nc2ccc(Br)cc2)[C@@H]2C=C[C@H]1C21CC1,7.017728767,partial_active,
CHEMBL3731561,CC(C)(C)OC(=O)NCCCCCNC(=O)[C@H]1[C@H](C(=O)Nc2ccc(Br)cc2)[C@@H]2C=C[C@H]1C21CC1,7.568636236,active,
CHEMBL3728603,CCCC(=O)NC[C@H]1[C@H](C(=O)Nc2ccc(Br)cc2)[C@@H]2C=C[C@H]1C21CC1,6.296708622,partial_active,
CHEMBL3729083,CN(C)CC(=O)NC[C@H]1[C@H](C(=O)Nc2ccc(Br)cc2)[C@@H]2C=C[C@H]1C21CC1,6.576754126,partial_active,
CHEMBL3731676,Cc1nc(CC(=O)NC[C@H]2[C@H](C(=O)Nc3ccc(Br)cc3)[C@@H]3C=C[C@H]2C32CC2)cs1,6.598599459,partial_active,
CHEMBL3730950,COc1ccccc1CCNC(=O)[C@H]1[C@H](C(=O)NCCCCN2CCCC2)[C@H]2C=C[C@@H]1C21CC1,4.602059991,inactive,
CHEMBL3727736,O=C(NCCCCN1CCCC1)[C@H]1[C@H](C(=O)NCCn2ccc3ccccc32)[C@@H]2C=C[C@H]1C21CC1,4.602059991,inactive,
CHEMBL3727450,Cc1cc2ccccc2n1CCCNC(=O)[C@H]1[C@H](C(=O)NCCCCN2CCCC2)[C@H]2C=C[C@@H]1C21CC1,4.602059991,inactive,
CHEMBL3729642,O=C(NCCCCN1CCCC1)[C@H]1[C@H](C(=O)Nc2ccc3[nH]ccc3c2)[C@@H]2C=C[C@H]1C21CC1,5.130181792,partial_active,
CHEMBL3730904,O=C(NCCCCN1CCCC1)[C@H]1[C@H](C(=O)NCCCn2ccnc2)[C@@H]2C=C[C@H]1C21CC1,6.078313525,partial_active,
CHEMBL3727697,Cc1nc(CCNC(=O)[C@H]2[C@H](C(=O)Nc3ccc(Br)cc3)[C@@H]3CC[C@H]2C32CC2)[nH]c1C,8.080921908,active,
CHEMBL3728559,O=C(NCCCO)[C@H]1[C@H](C(=O)Nc2ccc(Br)cc2)[C@@H]2CC[C@H]1C21CC1,8.744727495,active,
CHEMBL3730874,NC(=O)CCNC(=O)[C@H]1[C@H](C(=O)Nc2ccc(Br)cc2)[C@@H]2CC[C@H]1C21CC1,9.337242168,active,
CHEMBL3728883,CC(C)(C)OC(=O)CCCNC(=O)[C@H]1[C@H](C(=O)Nc2ccc(Br)cc2)[C@@H]2C=C[C@H]1C21CC1,6.718966633,partial_active,
CHEMBL3730819,O=C(NCCCCN1CCCC1)[C@H]1[C@H](C(=O)Nc2nc3ccccc3s2)[C@@H]2C=C[C@H]1C21CC1,5.643974143,partial_active,
CHEMBL5076914,O=C(Nc1ccc(Br)cc1)NC1CCN(c2ccccc2)C1=O,6.522878745,partial_active,
CHEMBL5208024,COc1cc(F)c([C@@H]2CNC(=O)[C@H]2c2nc3cc(OC)ccc3[nH]2)c(F)c1,5.301029996,partial_active,
CHEMBL5195406,COc1cc(F)c([C@@H]2CNC(=O)[C@H]2c2nc3c(Cl)cccc3[nH]2)c(F)c1,5.0,partial_active,
CHEMBL5195336,COc1cc(F)c([C@@H]2CNC(=O)[C@H]2Nc2nc(-c3ccc(Cl)cc3)no2)c(F)c1,5.455931956,partial_active,
CHEMBL3728194,CC(C)(C)OC(=O)NCCCCNC(=O)[C@H]1[C@H](C(=O)Nc2ncc(Br)s2)[C@@H]2CC[C@H]1C21CC1,6.330683119,partial_active,
CHEMBL3728830,O=C(NCCCCN1CCCC1)[C@H]1[C@H](C(=O)NCc2ccc(Br)c(F)c2)[C@@H]2C=C[C@H]1C21CC1,6.931814138,partial_active,
CHEMBL3727453,CN(C)CCNC(=O)[C@H]1[C@H](C(=O)NCc2ccc(Br)cc2)[C@@H]2C=C[C@H]1C21CC1,6.537602002,partial_active,
CHEMBL3730534,Cl.O=C(NCCCCN1CCCC1)[C@H]1[C@H](C(=O)Nc2nnc(C(F)(F)F)s2)[C@@H]2C=C[C@H]1C21CC1,5.221125528,partial_active,
CHEMBL4169807,Cc1ccc(C2(CNC(=O)[C@H](Cc3ccc(C#N)cc3)NC(=O)Nc3ccc(F)cc3)CC2)cc1F,5.769551079,partial_active,
CHEMBL3728521,NCC1CCN(C(=O)[C@H]2[C@H](C(=O)Nc3ncc(Br)s3)[C@@H]3CC[C@H]2C32CC2)CC1,8.207608311,active,
CHEMBL4162303,N#Cc1ccc(C[C@@H](NC(=O)Nc2ccc([N+](=O)[O-])cc2)C(=O)NCC2(c3ccccc3)CC2)cc1,5.823908741,partial_active,
CHEMBL4743084,COc1ccc([C@@H]2CNC(=O)[C@H]2NC(=O)Nc2ccc(F)cc2)c(C)c1,8.795880017,active,
CHEMBL3732086,NC(=O)CCNC(=O)[C@H]1[C@H](C(=O)NCc2ccc(Br)nc2)[C@@H]2CC[C@H]1C21CC1,8.102372909,active,
CHEMBL3729806,CCOCCCNC(=O)[C@H]1[C@H](C(=O)NCc2ccc(Br)cc2)[C@@H]2C=C[C@H]1C21CC1,6.046240308,partial_active,
CHEMBL3728646,Cl.O=C(NCCCCN1CCCC1)[C@H]1[C@H](C(=O)Nc2ccc3ncoc3c2)[C@@H]2C=C[C@H]1C21CC1,6.308034897,partial_active,
CHEMBL3727715,Cc1ccc(NC(=O)[C@H]2[C@H](C(=O)NCCCCN3CCCC3)[C@H]3C=C[C@@H]2C32CC2)cn1.Cl,6.882728704,partial_active,
CHEMBL3731186,O=C(NCCCCN1CCCC1)[C@H]1[C@H](C(=O)Nc2nc3ccc(F)cc3s2)[C@@H]2C=C[C@H]1C21CC1,5.119186408,partial_active,
CHEMBL3728352,O=C(NCCCc1nc2ccccc2[nH]1)[C@H]1[C@H](C(=O)NCc2ccc(Br)cc2)[C@@H]2C=C[C@H]1C21CC1,6.665546249,partial_active,
CHEMBL3732960,CC(=O)c1ccc(CNC(=O)[C@H]2[C@H](C(=O)NCCCCN3CCCC3)[C@H]3C=C[C@@H]2C32CC2)o1,7.552841969,active,
CHEMBL3728174,O=C(NCCCCN1CCCC1)[C@H]1[C@H](C(=O)Nc2cccc3nonc23)[C@@H]2C=C[C@H]1C21CC1,5.040005162,partial_active,
CHEMBL3732146,O=C(NCCCCN1CCCC1)[C@H]1[C@H](C(=O)Nc2nc(-c3ccc(Cl)cc3)cs2)[C@@H]2C=C[C@H]1C21CC1,5.073657553,partial_active,
CHEMBL3730215,O=C(NC1CC1)[C@H]1[C@H](C(=O)Nc2ccc(Br)cc2)[C@@H]2CC[C@H]1C21CC1,7.086186148,partial_active,
CHEMBL5093348,O=C(Nc1ccc(Br)cc1)NC1CCN(C2CCN(c3ncccn3)CC2)C1=O,8.096910013,active,
CHEMBL5088171,O=C(Nc1ccc(Br)cc1)NC1CCN(c2cnn(-c3ccncc3)c2)C1=O,5.424812155,partial_active,
CHEMBL3731489,NC(=O)CCC(=O)NC[C@H]1[C@H](C(=O)Nc2ccc(Br)cc2)[C@@H]2C=C[C@H]1C21CC1,6.943095149,partial_active,
CHEMBL3732612,CC(C)(C)c1cc(NC(=O)[C@H]2[C@H](C(=O)NCCCCN3CCCC3)[C@H]3C=C[C@@H]2C32CC2)no1,5.437707136,partial_active,
CHEMBL3732885,CC(NC(=O)[C@H]1[C@H](C(=O)NCCCCN2CCCC2)[C@H]2C=C[C@@H]1C21CC1)c1ccc(Br)cc1,6.046723663,partial_active,
CHEMBL3729242,O=C(NCCCN1CCCC1)[C@H]1[C@H](C(=O)Nc2ccc(Br)cc2)[C@@H]2CC[C@H]1C21CC1,7.795880017,active,
CHEMBL5187563,N#Cc1ccc(C[C@H](NC(=O)Nc2ccc(F)cc2)C(=O)N2CCc3ccc(F)cc3C2)cc1,6.346787486,partial_active,
CHEMBL3729493,O=C(NCCCCN1CCCC1)[C@H]1[C@H](C(=O)NCCc2ccc3c(c2)OCO3)[C@@H]2C=C[C@H]1C21CC1.O=CO,5.11463878,partial_active,
CHEMBL3732539,O=C(NCCCCN1CCCC1)[C@H]1[C@H](C(=O)Nc2ccc(Br)c(Cl)c2)[C@@H]2C=C[C@H]1C21CC1,6.435333936,partial_active,
CHEMBL3731200,COc1ccc(NC(=O)[C@H]2[C@H](C(=O)NCCC(=O)O)[C@H]3C=C[C@@H]2C32CC2)cc1,6.287350298,partial_active,
CHEMBL4751168,COc1ccc([C@@H]2CNC(=O)[C@H]2NC(=O)Nc2ccc(F)cc2)cc1F,9.045757491,active,
CHEMBL4744094,COc1ccc([C@@H]2CNC(=O)[C@H]2NC(=O)Nc2ccc(Cl)cc2)cc1,10.03621217,active,
CHEMBL4743917,COc1ccc([C@@H]2CNC(=O)[C@H]2NC(=O)Nc2ccc(F)cc2)cc1,10.07058107,active,
CHEMBL4793557,O=C(Nc1ccc(F)cc1)N[C@@H]1C(=O)NC[C@H]1c1ccc(Cl)cc1F,8.508638306,active,
CHEMBL4784510,COc1cc(F)c([C@@H]2CNC(=O)[C@H]2NC(=O)Nc2ccccc2)c(F)c1,9.387216143,active,
CHEMBL4762222,O=C(CNC(=O)Nc1ccc(Br)cc1)Nc1cccnc1,6.13667714,partial_active,
CHEMBL4781488,CNc1cc(F)c([C@@H]2CNC(=O)[C@H]2NC(=O)Nc2ccc(F)cc2)c(F)c1,8.853871964,active,
CHEMBL4763673,COc1cc(F)c([C@@H]2CNC(=O)[C@H]2NC(=O)Nc2ccc(C)cc2)c(F)c1,8.698970004,active,
CHEMBL3730858,COc1ccc(C)cc1CNC(=O)[C@H]1[C@H](C(=O)NCCCCN2CCCC2)[C@H]2C=C[C@@H]1C21CC1,4.602059991,inactive,
CHEMBL3727532,CC(=O)c1cccc(CNC(=O)[C@H]2[C@H](C(=O)NCCCCN3CCCC3)[C@H]3C=C[C@@H]2C32CC2)c1,5.078313525,partial_active,
CHEMBL3733340,NCCCCCNC(=O)[C@H]1[C@H](C(=O)Nc2ccc(Br)cc2)[C@H]2C=C[C@@H]1C21CC1,7.522878745,active,
CHEMBL3728245,NCCCCCNC(=O)[C@H]1[C@H](C(=O)Nc2ncc(Br)s2)[C@@H]2C=C[C@H]1C21CC1,9.214670165,active,
CHEMBL3732601,NCc1cccc(CNC(=O)[C@H]2[C@H](C(=O)NCc3ccc(Br)cc3)[C@@H]3C=C[C@H]2C32CC2)c1,7.229147988,partial_active,
CHEMBL3728499,NC(=O)CCNC(=O)[C@H]1[C@H](C(=O)NCc2ccc(Br)cc2F)[C@@H]2CC[C@H]1C21CC1,7.148741651,partial_active,
CHEMBL3729600,CN(C)CCCNC(=O)[C@H]1[C@H](C(=O)Nc2ncc(Br)s2)[C@@H]2C=C[C@H]1C21CC1,7.214670165,partial_active,
CHEMBL4173297,O=C(Nc1ccc([N+](=O)[O-])cc1)N[C@@H](Cc1c[nH]c2ccccc12)C(=O)NCC1(c2ccccc2)CC1,5.119186408,partial_active,
CHEMBL4758129,N#Cc1cc(F)c([C@@H]2CNC(=O)[C@H]2NC(=O)Nc2ccc(F)cc2)c(F)c1,8.013228266,active,
CHEMBL4758920,COc1cc(F)c([C@@H]2CNC(=O)[C@H]2NC(=O)Nc2ccc(Cl)cc2)c(F)c1,9.958607315,active,
CHEMBL1290698,COc1ccc2[nH]c(SCC(=O)Nc3ccc(OC)c(OC)c3)nc2c1,5.327902142,partial_active,
CHEMBL3590207,CCOC(=O)C1CCN(C(=O)[C@H](Cc2ccccc2)NC(=O)Nc2ccc(Br)cc2)CC1,6.795880017,partial_active,
CHEMBL3588928,CSc1ccc(NC(=O)N[C@@H](Cc2ccccc2)C(=O)N2CCCCC2)cc1,6.522878745,partial_active,
CHEMBL4755656,CC(=O)c1coc(Cn2ccc(NC(=O)c3ncoc3-c3ccccc3)n2)n1,8.0,active,
CHEMBL4455225,COC(=O)[C@@H](CC(C)C)NC(=O)[C@H](Cc1c[nH]c2ccccc12)NC(=O)c1ccccc1,4.962573502,inactive,
CHEMBL3730451,Cl.O=C(NCCCCN1CCCC1)[C@H]1[C@H](C(=O)Nc2cnc(Br)cn2)[C@@H]2C=C[C@H]1C21CC1,8.102372909,active,
CHEMBL3731251,O=C(NCCCc1nc2ccccc2[nH]1)[C@H]1[C@H](C(=O)Nc2ncc(Br)s2)[C@@H]2C=C[C@H]1C21CC1,6.759450752,partial_active,
CHEMBL3731379,CC(=O)c1nc(CNC(=O)[C@H]2[C@H](C(=O)NCCCCN3CCCC3)[C@H]3C=C[C@@H]2C32CC2)co1,6.815308569,partial_active,
CHEMBL3729738,O=C(NCCCCN1CCCC1)[C@H]1[C@H](C(=O)NCc2ccc(OC(F)(F)F)cc2)[C@@H]2C=C[C@H]1C21CC1.O=CO,5.899629455,partial_active,
CHEMBL3729552,O=C(NCCCCN1CCCC1)[C@H]1[C@H](C(=O)Nc2ncc(Br)s2)[C@@H]2C=C[C@H]1C21CC1,8.193820026,active,
CHEMBL3727461,CC(=O)c1ncc(CNC(=O)[C@H]2[C@H](C(=O)NCCCCN3CCCC3)[C@H]3C=C[C@@H]2C32CC2)s1,6.002613616,partial_active,
CHEMBL3730852,CNC(=O)CCNC(=O)[C@H]1[C@H](C(=O)Nc2ccc(Br)cc2)[C@@H]2C=C[C@H]1C21CC1,8.494850022,active,
CHEMBL3728644,O=C(NCCCCN1CCOCC1)[C@H]1[C@H](C(=O)Nc2ccc(Br)cc2)[C@@H]2C=C[C@H]1C21CC1,9.27572413,active,
CHEMBL3727417,Cc1cc(C)n(CCC(=O)NC[C@H]2[C@H](C(=O)Nc3ccc(Br)cc3)[C@@H]3C=C[C@H]2C32CC2)n1,7.886056648,active,
CHEMBL3729760,Cn1c(CCNC(=O)[C@H]2[C@H](C(=O)NCCCCN3CCCC3)[C@H]3C=C[C@@H]2C32CC2)nc2ccccc21,4.602059991,inactive,
CHEMBL3730358,CC(=O)CCCCNC(=O)[C@H]1[C@H](C(=O)NCCCCN2CCCC2)[C@H]2C=C[C@@H]1C21CC1,7.022276395,partial_active,
CHEMBL3732930,CCCCCNC(=O)[C@H]1[C@H](C(=O)NCCCCN2CCCC2)[C@H]2C=C[C@@H]1C21CC1,7.102372909,partial_active,
CHEMBL3731671,O=C(NCCCCN1CCCC1)[C@H]1[C@H](C(=O)Nc2ccc(Br)cc2)[C@@H]2CC[C@H]1C21CC1,9.455931956,active,
CHEMBL4789579,COc1ccc(NC(=O)N[C@@H]2C(=O)NC[C@H]2c2c(F)cc(OC)cc2F)cc1,8.494850022,active,
CHEMBL4776349,COc1cc(F)c([C@@H]2CNC(=O)[C@H]2NC(=O)Nc2ccc(Cl)c(O)c2)c(F)c1,10.30103,active,
CHEMBL3731133,NC(=O)CCNC(=O)[C@H]1[C@H](C(=O)Nc2ncc(Br)s2)[C@@H]2CC[C@H]1C21CC1,7.823908741,active,
CHEMBL3728125,O=C(NCCCCN1CCCC1)[C@H]1[C@H](C(=O)NCc2ccc(Cl)cc2)[C@@H]2C=C[C@H]1C21CC1.O=CO,7.508638306,active,
CHEMBL3731035,CCN1CCN(CCCCNC(=O)[C@H]2[C@H](C(=O)Nc3ccc(Br)cc3)[C@@H]3C=C[C@H]2C32CC2)CC1,8.638272164,active,
CHEMBL3732650,Cc1cc(C(=O)N(C)C[C@H]2[C@H](C(=O)Nc3ccc(Br)cc3)[C@@H]3C=C[C@H]2C32CC2)nn1C,6.518557371,partial_active,
CHEMBL3732583,CN(C[C@H]1[C@H](C(=O)Nc2ccc(Br)cc2)[C@@H]2C=C[C@H]1C21CC1)C(=O)Cc1ccccc1Cl,6.525783736,partial_active,
CHEMBL4794472,Cc1ccc(NC(=O)C2(NC(=O)Nc3ccc(Br)cc3)CCCC2)cn1,6.22184875,partial_active,
CHEMBL4781596,COc1cc(F)c([C@@H]2CNC(=O)[C@H]2NC(=O)Nc2ccc(F)cc2)c(F)c1,9.853871964,active,
CHEMBL4753713,COc1cnc([C@@H]2CNC(=O)[C@H]2NC(=O)Nc2ccc(F)cc2)c(F)c1,9.443697499,active,
CHEMBL4748148,O=C(Nc1ccc(Br)cc1)NC(C(=O)Nc1cccnn1)C1CCCC1,7.15490196,partial_active,
CHEMBL4168567,COc1ccc(NC(=O)N[C@@H](Cc2c[nH]c3ccccc23)C(=O)NCC2(c3ccccc3)CC2)cc1,6.958607315,partial_active,
CHEMBL4756217,COc1ccc([C@@H]2NC(=O)[C@H]2NC(=O)Nc2ccc(Cl)cc2)cc1,7.0,partial_active,
CHEMBL4761559,CC(C)n1cc(NC(=O)C2(NC(=O)Nc3ccc(Br)cc3)CCCC2)cn1,5.958607315,partial_active,
CHEMBL4797594,O=C(Nc1ccc(Br)cc1)NC1(C(=O)Nc2cccnc2)CCCC1,6.602059991,partial_active,
CHEMBL4739971,Cc1cncc(NC(=O)C2(NC(=O)Nc3ccc(Br)cc3)CCCC2)c1,5.756961951,partial_active,
CHEMBL4793814,COc1ccc([C@@H]2CNC(=O)[C@@H]2NC(=O)Nc2ccc(Cl)cc2)cc1,9.040958608,active,
CHEMBL4797598,COc1cc(F)c([C@@H]2CNC(=O)[C@H]2NC(=O)Nc2ccccc2F)c(F)c1,7.366531544,active,
CHEMBL4760555,COc1ccc(CC(CO)NC(=O)Nc2ccc(Cl)cc2)cc1,8.167491087,active,
CHEMBL4749577,COc1cc(F)c([C@@H]2CNC(=O)[C@H]2NC(=O)Nc2cc3ccccc3s2)c(F)c1,9.119186408,active,
CHEMBL3727812,O=C(NCCO)[C@H]1[C@H](C(=O)Nc2ccc(Br)cc2)[C@@H]2C=C[C@H]1C21CC1,8.214670165,active,
CHEMBL3731297,O=C(NCCCN1CCCC1)[C@H]1[C@H](C(=O)Nc2ccc(Br)cc2)[C@@H]2C=C[C@H]1C21CC1,8.30980392,active,
CHEMBL3727847,Cc1nonc1CNC(=O)[C@H]1[C@H](C(=O)NCCCCN2CCCC2)[C@H]2C=C[C@@H]1C21CC1,5.112945622,partial_active,
CHEMBL3731244,CC(=O)c1nc(CNC(=O)[C@H]2[C@H](C(=O)NCCCCN3CCCC3)[C@H]3C=C[C@@H]2C32CC2)cs1,5.490797478,partial_active,
CHEMBL3729697,O=C(NCCCCN1CCCC1)[C@H]1[C@H](C(=O)NCc2c(F)cc(F)cc2F)[C@@H]2C=C[C@H]1C21CC1,5.812479279,partial_active,
CHEMBL3732345,O=C(NCCCCN1CCCC1)[C@H]1[C@H](C(=O)NCc2ccc(Br)c(F)c2F)[C@@H]2C=C[C@H]1C21CC1,7.397940009,active,
CHEMBL3730548,O=C(NC1CCNCC1)[C@H]1[C@H](C(=O)Nc2ncc(Br)s2)[C@@H]2C=C[C@H]1C21CC1,7.769551079,active,
CHEMBL3729342,O=C(NCCCCN1CCCC1)[C@H]1[C@H](C(=O)NCc2c(F)cc(Br)cc2F)[C@@H]2C=C[C@H]1C21CC1,7.552841969,active,
CHEMBL3733076,CC(=O)c1csc(CNC(=O)[C@H]2[C@H](C(=O)NCCCN(C)C)[C@H]3C=C[C@@H]2C32CC2)n1,6.540607512,partial_active,
CHEMBL3730873,Cc1cc(CNC(=O)[C@H]2[C@H](C(=O)NCCCCN3CCCC3)[C@H]3C=C[C@@H]2C32CC2)no1.Cl,7.397940009,active,
CHEMBL3730675,O=C(NC1CCN(Cc2ccccc2)CC1)[C@H]1[C@H](C(=O)Nc2ccc(Br)cc2)[C@@H]2C=C[C@H]1C21CC1,6.910094889,partial_active,
CHEMBL3732008,O=C(NCC(c1ccccc1)N1CCOCC1)[C@H]1[C@H](C(=O)Nc2ccc(Br)cc2)[C@@H]2C=C[C@H]1C21CC1,7.096910013,partial_active,
CHEMBL3732502,CC(C)CCN1CCC(NC(=O)[C@H]2[C@H](C(=O)Nc3ccc(Br)cc3)[C@@H]3C=C[C@H]2C32CC2)CC1,7.236572006,partial_active,
CHEMBL4161946,COc1ccc(NC(=O)N[C@H](Cc2c[nH]c3ccccc23)C(=O)NCC2(c3ccccc3)CC2)cc1,5.187086643,partial_active,
CHEMBL4176353,O=C(Nc1ccccc1)N[C@@H](Cc1c[nH]c2ccccc12)C(=O)NCC1(c2ccccc2)CC1,5.823908741,partial_active,
CHEMBL4164673,O=C(Nc1ccc([N+](=O)[O-])cc1)N[C@@H](Cc1cccnc1)C(=O)NCC1(c2ccccc2)CC1,6.13667714,partial_active,
CHEMBL5080179,CC(C)(C)OC(=O)N1CC(N2CCC(NC(=O)Nc3ccc(Br)cc3)C2=O)C1,6.387216143,partial_active,
CHEMBL5207660,COc1cc(F)c([C@@H]2CNC(=O)[C@H]2Nc2nnc(-c3cccc(Cl)c3)o2)c(F)c1,5.0,partial_active,
CHEMBL5088283,N#Cc1ccc(NC(=O)NC2CCN(c3ccccc3F)C2=O)cc1,4.823908741,inactive,
CHEMBL3932747,COc1cccc(-c2oc(C)nc2C(=O)Nc2cnn(Cc3nc(C(C)(C)O)co3)n2)c1,7.896196279,active,
CHEMBL4784400,COc1ccc([C@@H]2CCNC(=O)[C@H]2NC(=O)Nc2ccc(Cl)cc2)cc1,9.958607315,active,
CHEMBL5185462,N#Cc1ccc(C[C@H](NC(=O)Nc2ccc(F)cc2)C(=O)N2CCc3cccnc32)cc1,6.795880017,partial_active,
CHEMBL4779714,Cc1nn(C)cc1NC(=O)C1(NC(=O)Nc2ccc(Br)cc2)CCCC1,7.050609993,partial_active,
CHEMBL3590074,COc1ccc(NC(=O)N[C@H](Cc2c[nH]c3ccccc23)C(=O)NCC2(c3ccccn3)CCCCC2)cc1,6.508638306,partial_active,
CHEMBL4763824,COc1cc(F)c([C@@H]2CNC(=O)[C@H]2NC(=O)Nc2cccc(F)c2)c(F)c1,9.022276395,active,
CHEMBL4742149,COc1cc(F)c([C@@H]2CNC(=O)[C@H]2NC(=O)Nc2ccc(C#N)cc2)c(F)c1,9.107905397,active,
CHEMBL4762030,COc1cc(F)c([C@@H]2CNC(=O)[C@H]2NC(=O)Nc2ccc(F)c(F)c2)c(F)c1,9.795880017,active,
CHEMBL4790836,COc1cc(F)c([C@@H]2CNC(=O)[C@H]2NC(=O)Nc2ccc(C)c(O)c2)c(F)c1,10.1079054,active,
CHEMBL5190385,COc1cc(F)c([C@@H]2CNC(=O)[C@H]2Nc2nnc(-c3ccc(Cl)cc3)o2)c(F)c1,7.494850022,active,
CHEMBL5180535,COc1cc(F)c([C@@H]2CNC(=O)[C@H]2Nc2nnc(-c3ccccc3Cl)o2)c(F)c1,5.0,partial_active,
CHEMBL5090603,CC(C)(C)OC(=O)N1CCC(CN2CCC(NC(=O)Nc3ccc(Br)cc3)C2=O)CC1,6.397940009,partial_active,
CHEMBL5180261,CC1(C)CN(C(=O)[C@@H](Cc2ccc(C#N)cc2)NC(=O)Nc2ccc(F)cc2)c2ccccc21,5.161150909,partial_active,
CHEMBL4759517,O=C(Nc1ccc(Br)cc1)NC(C(=O)NCC1CCCO1)C1CCCC1,6.26760624,partial_active,
CHEMBL5185842,COc1cc(F)c([C@@H]2CNC(=O)[C@H]2c2nc3cc(Cl)cnc3[nH]2)c(F)c1,7.397940009,active,
CHEMBL4756434,O=C(Nc1ccc(Br)cc1)NC(C(=O)Nc1cccnc1)C1CC1,7.013228266,partial_active,
CHEMBL4743451,CN1CCC(NC(=O)C2(NC(=O)Nc3ccc(Br)cc3)CCCC2)CC1,5.795880017,partial_active,
CHEMBL4782531,COc1ccc(CC(C)NC(=O)Nc2ccc(Cl)cc2)cc1,7.638272164,active,
CHEMBL4785302,CC(C)C[C@H](NC(=O)Nc1ccc(Br)cc1)C(=O)NCC(=O)O,9.055517328,active,
CHEMBL4747556,O=C(Nc1ccc(Br)nc1)C1C(C(=O)NC2CCNCC2)C2CCC1C21CC1,8.537602002,active,
CHEMBL4757408,O=C(Nc1ccc(Br)cc1)NC(C(=O)NC1CCOCC1)C1CCCC1,6.22184875,partial_active,
CHEMBL4754119,Cc1nn(C)cc1NC(=O)C(NC(=O)Nc1ccc(Br)cc1)C1CCCC1,6.318758763,partial_active,
CHEMBL4753061,CC(C)n1cc(NC(=O)C(NC(=O)Nc2ccc(Br)cc2)C2CCCC2)cn1,5.906578315,partial_active,
CHEMBL4751781,O=C(Nc1ccc(Br)cc1)NC1(C(=O)Nc2cncnc2)CCCC1,6.436518915,partial_active,
CHEMBL4761978,O=C(Nc1ccc(Br)cc1)NC(C(=O)Nc1cncnc1)C1CCCC1,6.096910013,partial_active,
CHEMBL3727426,COCCN(CCOC)C(=O)[C@H]1[C@H](C(=O)Nc2ccc(Br)cc2)[C@@H]2C=C[C@H]1C21CC1,8.214670165,active,
CHEMBL3731469,O=C(NCCF)[C@H]1[C@H](C(=O)Nc2ccc(Br)cc2)[C@@H]2C=C[C@H]1C21CC1,8.568636236,active,
CHEMBL3731461,O=C(NCCCO)[C@H]1[C@H](C(=O)Nc2ccc(Br)cc2)[C@@H]2C=C[C@H]1C21CC1,9.0,active,
CHEMBL3729214,CC(C)CNC(=O)[C@H]1[C@H](C(=O)Nc2ccc(Br)cc2)[C@@H]2C=C[C@H]1C21CC1,9.619788758,active,
CHEMBL3729306,O=C(N[C@@H]1CC[C@@H](CN2CCCC2)OC1)[C@H]1[C@H](C(=O)Nc2ccc(Br)cc2)[C@@H]2C=C[C@H]1C21CC1,8.568636236,active,
CHEMBL3732009,O=C(/C=C/c1ccccc1)NC[C@H]1[C@H](C(=O)Nc2ccc(Br)cc2)[C@@H]2C=C[C@H]1C21CC1,6.156767222,partial_active,
CHEMBL3729198,CC(C)C(=O)NC[C@H]1[C@H](C(=O)Nc2ccc(Br)cc2)[C@@H]2C=C[C@H]1C21CC1,6.903089987,partial_active,
CHEMBL3730690,O=C(NCCCCN1CCCC1)[C@H]1[C@H](C(=O)Nc2nc3ccc(Cl)cc3s2)[C@@H]2C=C[C@H]1C21CC1,5.0,partial_active,
CHEMBL3728843,O=C(NCCCCN1CCCC1)[C@H]1[C@H](C(=O)NCc2ccco2)[C@@H]2C=C[C@H]1C21CC1,6.761953897,partial_active,
CHEMBL3733176,N#Cc1cnc(NC(=O)[C@H]2[C@H](C(=O)NCCCCN3CCCC3)[C@H]3C=C[C@@H]2C32CC2)s1,6.779891912,partial_active,
CHEMBL3728471,O=C(NCCCCN1CCCC1)[C@H]1[C@H](C(=O)NCC2CCCCC2)[C@@H]2C=C[C@H]1C21CC1,7.22184875,partial_active,
CHEMBL3729487,O=C(NCC1CCCO1)[C@H]1[C@H](C(=O)Nc2ccc(Br)cc2)[C@@H]2CC[C@H]1C21CC1,8.823908741,active,
CHEMBL4762142,O=C(Nc1ccc(Br)cc1)NC(C(=O)Nc1cccnc1)C1CCCC1,7.698970004,active,
CHEMBL4786842,O=C(Nc1ccc(Br)cc1)NC1(C(=O)NCc2nn[nH]n2)CCCC1,6.565431096,partial_active,
CHEMBL4793549,O=C(Nc1ccc(Br)cc1)NC(C(=O)NC1CNC1)C1CCCC1,6.301029996,partial_active,
CHEMBL5175543,CC1(C)CN(C(=O)[C@H](Cc2ccc(C#N)cc2)NC(=O)Nc2ccc(F)cc2)c2ccccc21,5.638272164,partial_active,
CHEMBL5199629,N#Cc1ccc(C[C@H](NC(=O)Nc2ccc(F)cc2)C(=O)N2CCc3cc(F)ccc32)cc1,6.795880017,partial_active,
CHEMBL5185982,N#Cc1ccc(C[C@@H](NC(=O)Nc2ccc(F)cc2)C(=O)N2CCc3ccc(F)cc32)cc1,6.420216403,partial_active,
CHEMBL5187530,N#Cc1ccc(C[C@H](NC(=O)Nc2ccc(F)cc2)C(=O)N2CCCCC2)cc1,6.008773924,partial_active,
CHEMBL5085818,O=C(Nc1ccc(Br)cc1)NC1CCN(C2CCN(Cc3ccccc3)C2)C1=O,6.431798276,partial_active,
CHEMBL5076199,Cc1nn(-c2ccccc2)c(C)c1N1CCC(NC(=O)Nc2ccc(Br)cc2)C1=O,6.552841969,partial_active,
CHEMBL5084374,O=C(Nc1ccc(Br)cc1)NC1CCN(CC2CCNCC2)C1=O,6.568636236,partial_active,
CHEMBL5085666,O=C(Nc1ccc(Br)cc1)NC1CCN(c2ccc(F)cc2)C1=O,6.292429824,partial_active,
CHEMBL3730231,CCN(CC)CCNC(=O)[C@H]1[C@H](C(=O)Nc2ccc(Br)cc2)[C@@H]2C=C[C@H]1C21CC1,7.468521083,active,
CHEMBL3733280,C[C@H](NC(=O)[C@H]1[C@H](C(=O)Nc2ccc(Br)cc2)[C@@H]2C=C[C@H]1C21CC1)C(N)=O,7.585026652,active,
CHEMBL3730665,O=C(N[C@H]1CC[C@@H](CO)CC1)[C@H]1[C@H](C(=O)Nc2ncc(Br)s2)[C@@H]2CC[C@H]1C21CC1,7.214670165,partial_active,
CHEMBL3729977,O=C(NCCOCCO)[C@H]1[C@H](C(=O)Nc2ncc(Br)s2)[C@@H]2CC[C@H]1C21CC1,7.958607315,active,
CHEMBL3732090,O=C(NCCC(F)CN1CCCC1)[C@H]1[C@H](C(=O)Nc2ccc(Br)cc2)[C@@H]2C=C[C@H]1C21CC1.O=CO,8.301029996,active,
CHEMBL3728437,NCc1ccc(CNC(=O)[C@H]2[C@H](C(=O)NCc3ccc(Br)cc3)[C@@H]3C=C[C@H]2C32CC2)cc1,6.435333936,partial_active,
CHEMBL3732166,NC(=O)CCNC(=O)[C@H]1[C@H](C(=O)NCc2ccc(Br)cc2)[C@@H]2CC[C@H]1C21CC1,6.946921557,partial_active,
CHEMBL3731595,O=C(NCCCCN1CCCC1)[C@H]1[C@H](C(=O)NCc2c(F)ccc(F)c2Cl)[C@@H]2C=C[C@H]1C21CC1,4.602059991,inactive,
CHEMBL5087410,CC(C)(C)OC(=O)N1CCC[C@H](N2CCC(NC(=O)Nc3ccc(Br)cc3)C2=O)C1,7.22184875,partial_active,
CHEMBL5078594,Cc1nn(C)cc1N1CCC(NC(=O)Nc2ccc(Br)cc2)C1=O,6.847711656,partial_active,
CHEMBL5084099,CC(C)n1cc(N2CCC(NC(=O)Nc3ccc(Br)cc3)C2=O)cn1,6.053547735,partial_active,
CHEMBL3730506,CN1CCN(CCCNC(=O)[C@H]2[C@H](C(=O)Nc3ncc(Br)s3)[C@@H]3C=C[C@H]2C32CC2)CC1,7.30980392,active,
CHEMBL5085435,O=C(Nc1ccc(Br)cc1)NC1CCN(CC2CCN(Cc3ccccc3)CC2)C1=O,6.602059991,partial_active,
CHEMBL4742937,CC(C)C[C@H](NC(=O)Nc1ccc(Br)cc1)C(=O)Nc1cccnc1,7.522878745,active,
CHEMBL5196771,N#Cc1ccc(C[C@H](NC(=O)Nc2ccc(F)cc2)C(=O)NC2CCCCNC2=O)cc1,6.769551079,partial_active,
CHEMBL5208434,N#Cc1ccc(C[C@@H](NC(=O)Nc2ccc(F)cc2)C(=O)N2Cc3ccccc3C2)cc1,4.714442691,inactive,
CHEMBL5200365,N#Cc1ccc(C[C@@H](NC(=O)Nc2ccc(F)cc2)C(=O)N2CCc3cccnc32)cc1,5.958607315,partial_active,
CHEMBL4791407,O=C(Nc1ccc(Br)cc1)NC(C(=O)Nc1cccnc1)C1CCOCC1,7.142667504,partial_active,
CHEMBL4752145,O=C(Nc1ccc(Br)cc1)NC1(C(=O)Nc2ccccn2)CCCC1,5.216811309,partial_active,
CHEMBL5186339,COc1cc(F)c([C@@H]2CNC(=O)[C@H]2Nc2nc3ccccc3[nH]2)c(F)c1,5.886056648,partial_active,
CHEMBL5204580,COc1ccc([C@@H]2CNC(=O)[C@H]2Nc2nnc(-c3ccc(Cl)cc3)o2)cc1,6.795880017,partial_active,
CHEMBL3590210,COc1ccc2[nH]c(SCC(=O)Nc3ccc(C(C)=O)cc3)nc2c1,5.22184875,partial_active,
CHEMBL3731259,O=C(NCC1CCCNC1)[C@H]1[C@H](C(=O)Nc2ncc(Br)s2)[C@@H]2CC[C@H]1C21CC1,9.346787486,active,
CHEMBL3731053,CNCCCNC(=O)[C@H]1[C@H](C(=O)Nc2ncc(Br)s2)[C@@H]2CC[C@H]1C21CC1,7.853871964,active,
CHEMBL3733217,CNCCNC(=O)[C@H]1[C@H](C(=O)Nc2ncc(Br)s2)[C@@H]2CC[C@H]1C21CC1,7.886056648,active,
CHEMBL3732017,O=C(NCC1(O)CCCCC1)[C@H]1[C@H](C(=O)Nc2ncc(Br)s2)[C@@H]2CC[C@H]1C21CC1,6.88941029,partial_active,
CHEMBL3733261,O=C(NCCCCN1CCCC1)[C@H]1[C@H](C(=O)NCCc2ccc(Cl)cc2)[C@@H]2C=C[C@H]1C21CC1,5.08249449,partial_active,
CHEMBL3727911,O=C(NCCCCN1CCCC1)[C@H]1[C@H](C(=O)NCc2cc(C(F)(F)F)ccc2F)[C@@H]2C=C[C@H]1C21CC1,5.001304842,partial_active,
CHEMBL3728870,CC(=O)c1cccc(NC(=O)[C@H]2[C@H](C(=O)NCCCCN3CCCC3)[C@H]3C=C[C@@H]2C32CC2)c1,5.173925197,partial_active,
CHEMBL3727378,NCCCNC(=O)[C@H]1[C@H](C(=O)NCc2ccc(Br)cc2)[C@@H]2C=C[C@H]1C21CC1,7.119186408,partial_active,
CHEMBL3730815,COc1ccc(NC(=O)[C@H]2[C@H](C(=O)NCCC(N)=O)[C@H]3CC[C@@H]2C32CC2)cc1,7.229147988,partial_active,
CHEMBL3732192,NC(=O)CCNC(=O)[C@H]1[C@H](C(=O)NCc2ccc(Cl)nc2)[C@@H]2C=C[C@H]1C21CC1,7.508638306,active,
CHEMBL3728633,CC(=O)c1csc(CNC(=O)[C@H]2[C@H](C(=O)NCCN(C)C)[C@H]3C=C[C@@H]2C32CC2)n1,7.187086643,partial_active,
CHEMBL3729817,CC(=O)c1csc(CNC(=O)[C@H]2[C@H](C(=O)NCCCN3CCCC3)[C@H]3C=C[C@@H]2C32CC2)n1,6.853871964,partial_active,
CHEMBL3730714,O=C(NCCN1CCNC1=O)[C@H]1[C@H](C(=O)Nc2ncc(Br)s2)[C@@H]2C=C[C@H]1C21CC1,8.040958608,active,
CHEMBL5087710,CC(C)(C)OC(=O)N1CCC(N2CCC(NC(=O)Nc3ccc(Br)cc3)C2=O)CC1,6.13667714,partial_active,
CHEMBL3729189,O=C(NCC1CCCN1)[C@H]1[C@H](C(=O)Nc2ncc(Br)s2)[C@@H]2CC[C@H]1C21CC1,8.080921908,active,
CHEMBL3731273,O=C(NC1CCNC1)[C@H]1[C@H](C(=O)Nc2ncc(Br)s2)[C@@H]2CC[C@H]1C21CC1,8.050609993,active,
CHEMBL5185921,N#Cc1ccc(C[C@H](NC(=O)Nc2ccc(F)cc2)C(=O)N2Cc3ccccc3C2)cc1,6.468521083,partial_active,
CHEMBL5193947,CC1(C)CN(C(=O)[C@H](Cc2ccc(C#N)cc2)NC(=O)Nc2ccc(F)cc2)Cc2cc(F)ccc21,5.795880017,partial_active,
CHEMBL5070452,O=C(Nc1ccc(Br)cc1)NC1CCN(C2CCN(Cc3ccccc3)CC2)C1=O,6.455931956,partial_active,
CHEMBL4739874,CN1CCC(NC(=O)C(NC(=O)Nc2ccc(Br)cc2)C2CCCC2)CC1,5.435333936,partial_active,
CHEMBL4760670,O=C(Nc1ccc(Br)cc1)NC1(C(=O)Nc2ccc(Cl)nc2)CCCC1,6.958607315,partial_active,
CHEMBL4741207,O=C(Nc1ccc(Br)cc1)NC(CC1CCCCC1)C(=O)Nc1cccnc1,5.886056648,partial_active,
CHEMBL5169641,COc1cc(F)c([C@@H]2CNC(=O)[C@H]2c2nc3cc(Cl)ccc3[nH]2)c(F)c1,6.958607315,partial_active,
CHEMBL5174501,COc1cc(F)c([C@@H]2CNC(=O)[C@H]2Nc2cc(-c3ccc(Cl)cc3)[nH]n2)c(F)c1,5.0,partial_active,
CHEMBL5184913,N#Cc1ccc(C[C@@H](NC(=O)Nc2ccc(F)cc2)C(=O)N2CCc3ccc(F)cc3C2)cc1,6.207608311,partial_active,
CHEMBL4794375,COc1ccc([C@@H]2COC[C@@H]2NC(=O)Nc2ccc(F)cc2)cc1,9.602059991,active,
CHEMBL5208504,COc1cc(F)c([C@@H]2CNC(=O)[C@H]2c2nc3ccccc3[nH]2)c(F)c1,6.167491087,partial_active,
CHEMBL5187399,COc1cc(F)c([C@@H]2CNC(=O)[C@H]2Nc2nnc(-c3ccccc3)o2)c(F)c1,6.602059991,partial_active,
CHEMBL5188537,N#Cc1ccc(C[C@@H](NC(=O)Nc2ccc(F)cc2)C(=O)N2CCCCC2)cc1,4.872895202,inactive,
CHEMBL5202577,N#Cc1ccc(C[C@@H](NC(=O)Nc2ccc(F)cc2)C(=O)N2CCc3ccccc32)cc1,5.251811973,partial_active,
CHEMBL5187767,N#Cc1ccc(C[C@@H](NC(=O)Nc2ccc(F)cc2)C(=O)N2Cc3ccc(F)cc3C2)cc1,5.142667504,partial_active,
CHEMBL5196551,N#Cc1ccc(C[C@H](NC(=O)Nc2ccc(F)cc2)C(=O)N2CCc3ccccc3C2)cc1,6.619788758,partial_active,
CHEMBL5207056,N#Cc1ccc(C[C@H](NC(=O)Nc2ccc(F)cc2)C(=O)N2CCc3ccc(F)cc32)cc1,5.946921557,partial_active,
CHEMBL5183856,N#Cc1ccc(C[C@H](NC(=O)Nc2ccc(F)cc2)C(=O)N2CCCC2)cc1,5.508638306,partial_active,
CHEMBL5190571,N#Cc1ccc(C[C@@H](NC(=O)Nc2ccc(F)cc2)C(=O)N2CCCc3ccccc32)cc1,6.602059991,partial_active,
CHEMBL5204594,COc1cc(F)c([C@@H]2CNC(=O)[C@H]2c2nc3nc(Cl)ccc3[nH]2)c(F)c1,5.638272164,partial_active,
CHEMBL5203364,COc1cc(F)c([C@@H]2CNC(=O)[C@H]2Nc2nnc(-c3ccc(Cl)cc3F)o2)c(F)c1,6.075720714,partial_active,
CHEMBL5197524,COc1cc(F)c([C@@H]2CNC(=O)[C@H]2Nc2nnc(-c3ccc(OC(F)(F)F)cc3)o2)c(F)c1,7.27572413,partial_active,
CHEMBL5191583,COc1cc(F)c([C@@H]2CNC(=O)[C@H]2Nc2cc(-c3ccc(Cl)cc3)on2)c(F)c1,8.0,active,
CHEMBL5197701,COc1cc(F)c([C@@H]2CNC(=O)[C@H]2Nc2cc(-c3ccc(Cl)cc3)no2)c(F)c1,5.657577319,partial_active,
CHEMBL5192360,COc1cc(F)c([C@@H]2CNC(=O)[C@H]2Nc2cc(-c3ccc(Cl)cc3)n(C)n2)c(F)c1,5.0,partial_active,
CHEMBL5170711,N#Cc1ccc(C[C@@H](NC(=O)Nc2ccc(F)cc2)C(=O)N2CCc3ccccc3C2)cc1,5.886056648,partial_active,
CHEMBL4757032,O=C(Nc1ccc(Br)cc1)NC(C(=O)NC1COC1)C1CCCC1,6.207608311,partial_active,
CHEMBL5187135,N#Cc1ccc(C[C@H](NC(=O)Nc2ccc(F)cc2)C(=O)N2CCCc3ccccc32)cc1,6.568636236,partial_active,
CHEMBL5203658,N#Cc1ccc(C[C@H](NC(=O)Nc2ccc(F)cc2)C(=O)N2CCC(F)(F)CC2)cc1,4.709965389,inactive,
CHEMBL5184396,N#Cc1ccc(C[C@@H](NC(=O)Nc2ccc(F)cc2)C(=O)N2CCCC2)cc1,5.283996656,partial_active,
CHEMBL5195186,N#Cc1ccc(C[C@H](NC(=O)Nc2ccc(F)cc2)C(=O)N2CCc3ccccc32)cc1,7.585026652,active,
CHEMBL5187763,N#Cc1ccc(C[C@H](NC(=O)Nc2ccc(F)cc2)C(=O)N2Cc3ccc(F)cc3C2)cc1,5.769551079,partial_active,
CHEMBL5194850,COc1cc(F)c([C@@H]2CNC(=O)[C@H]2Nc2noc(-c3ccc(Cl)cc3)n2)c(F)c1,5.602059991,partial_active,
CHEMBL5201495,COc1cc(F)c([C@@H]2CNC(=O)[C@H]2Nc2nnc(-c3ccc(Cl)cc3)s2)c(F)c1,7.431798276,active,
CHEMBL5203596,COc1ccc(-c2nnc(N[C@@H]3C(=O)NC[C@H]3c3c(F)cc(OC)cc3F)o2)cc1,5.431798276,partial_active,
CHEMBL5201015,COc1cc(F)c([C@@H]2CNC(=O)[C@H]2Nc2ncc(-c3ccc(Cl)cc3)o2)c(F)c1,6.602059991,partial_active,
CHEMBL5181627,COc1ccc([C@@H]2CNC(=O)[C@H]2Nc2nnc(-c3ccc(Cl)cc3)o2)c(F)c1,7.397940009,active,
